year,month,date,tag,month_count_per_tag,overall_count,percent,running_count
"2008","8","2008-08-01 00:00:00","django","14","3786","0.369783412572","14"
"2008","8","2008-08-01 00:00:00","ruby-on-rails","42","3786","1.109350237717","42"
"2008","8","2008-08-01 00:00:00","spring","3","3786","0.079239302694","3"
"2008","9","2008-09-01 00:00:00","django","54","14159","0.381382866021","68"
"2008","9","2008-09-01 00:00:00","ruby-on-rails","223","14159","1.574969983755","265"
"2008","9","2008-09-01 00:00:00","spring","38","14159","0.268380535348","41"
"2008","10","2008-10-01 00:00:00","django","68","14662","0.46378393125","136"
"2008","10","2008-10-01 00:00:00","ruby-on-rails","227","14662","1.548219888146","492"
"2008","10","2008-10-01 00:00:00","spring","47","14662","0.320556540717","88"
"2008","11","2008-11-01 00:00:00","django","75","12787","0.586533197778","211"
"2008","11","2008-11-01 00:00:00","ruby-on-rails","163","12787","1.274732149839","655"
"2008","11","2008-11-01 00:00:00","spring","33","12787","0.258074607022","121"
"2008","12","2008-12-01 00:00:00","django","83","12145","0.683408810209","294"
"2008","12","2008-12-01 00:00:00","ruby-on-rails","170","12145","1.399752984767","825"
"2008","12","2008-12-01 00:00:00","spring","31","12145","0.255249073692","152"
"2009","1","2009-01-01 00:00:00","django","146","15924","0.916855061542","440"
"2009","1","2009-01-01 00:00:00","ruby-on-rails","265","15924","1.664154734991","1090"
"2009","1","2009-01-01 00:00:00","spring","52","15924","0.326551117809","204"
"2009","2","2009-02-01 00:00:00","django","142","17668","0.803712927326","582"
"2009","2","2009-02-01 00:00:00","ruby-on-rails","262","17668","1.482906950418","1352"
"2009","2","2009-02-01 00:00:00","spring","53","17668","0.299977360199","257"
"2009","3","2009-03-01 00:00:00","django","201","20556","0.977816695855","783"
"2009","3","2009-03-01 00:00:00","ruby-on-rails","364","20556","1.770772523837","1716"
"2009","3","2009-03-01 00:00:00","spring","45","20556","0.218914185639","302"
"2009","4","2009-04-01 00:00:00","django","208","21421","0.97100975678","991"
"2009","4","2009-04-01 00:00:00","ruby-on-rails","380","21421","1.77396013258","2096"
"2009","4","2009-04-01 00:00:00","spring","66","21421","0.308108865132","368"
"2009","5","2009-05-01 00:00:00","django","288","25917","1.11123972682","1279"
"2009","5","2009-05-01 00:00:00","ruby-on-rails","523","25917","2.017980476135","2619"
"2009","5","2009-05-01 00:00:00","spring","111","25917","0.428290311378","479"
"2009","6","2009-06-01 00:00:00","django","300","28431","1.055186240371","1579"
"2009","6","2009-06-01 00:00:00","ruby-on-rails","601","28431","2.11388976821","3220"
"2009","6","2009-06-01 00:00:00","spring","112","28431","0.393936196405","591"
"2009","7","2009-07-01 00:00:00","django","390","32615","1.195768818028","1969"
"2009","7","2009-07-01 00:00:00","ruby-on-rails","656","32615","2.011344473401","3876"
"2009","7","2009-07-01 00:00:00","spring","129","32615","0.395523532117","720"
"2009","8","2009-08-01 00:00:00","django","372","32883","1.131283642003","2341"
"2009","8","2009-08-01 00:00:00","ruby-on-rails","725","32883","2.204786667883","4601"
"2009","8","2009-08-01 00:00:00","spring","96","32883","0.291944165678","816"
"2009","9","2009-09-01 00:00:00","django","412","33159","1.24249826593","2753"
"2009","9","2009-09-01 00:00:00","ruby-on-rails","706","33159","2.129135378027","5307"
"2009","9","2009-09-01 00:00:00","spring","115","33159","0.346813836364","931"
"2009","10","2009-10-01 00:00:00","django","418","36455","1.146619119462","3171"
"2009","10","2009-10-01 00:00:00","ruby-on-rails","778","36455","2.134137978329","6085"
"2009","10","2009-10-01 00:00:00","spring","153","36455","0.419695515018","1084"
"2009","11","2009-11-01 00:00:00","django","448","38634","1.159600352021","3619"
"2009","11","2009-11-01 00:00:00","ruby-on-rails","811","38634","2.099187244396","6896"
"2009","11","2009-11-01 00:00:00","spring","137","38634","0.354609929078","1221"
"2009","12","2009-12-01 00:00:00","django","569","37929","1.500171372828","4188"
"2009","12","2009-12-01 00:00:00","ruby-on-rails","852","37929","2.246302301668","7748"
"2009","12","2009-12-01 00:00:00","spring","156","37929","0.411294787629","1377"
"2010","1","2010-01-01 00:00:00","django","667","45099","1.47896849154","4855"
"2010","1","2010-01-01 00:00:00","ruby-on-rails","1054","45099","2.337080644803","8802"
"2010","1","2010-01-01 00:00:00","spring","218","45099","0.48338100623","1595"
"2010","2","2010-02-01 00:00:00","django","704","44956","1.565975620606","5559"
"2010","2","2010-02-01 00:00:00","ruby-on-rails","1059","44956","2.355636622475","9861"
"2010","2","2010-02-01 00:00:00","spring","239","44956","0.531630928018","1834"
"2010","3","2010-03-01 00:00:00","django","649","52398","1.238596893011","6208"
"2010","3","2010-03-01 00:00:00","express","1","52398","0.001908469788","1"
"2010","3","2010-03-01 00:00:00","ruby-on-rails","1168","52398","2.229092713462","11029"
"2010","3","2010-03-01 00:00:00","spring","240","52398","0.458032749341","2074"
"2010","4","2010-04-01 00:00:00","django","591","50206","1.177150141417","6799"
"2010","4","2010-04-01 00:00:00","ruby-on-rails","1150","50206","2.29056288093","12179"
"2010","4","2010-04-01 00:00:00","spring","201","50206","0.40035055571","2275"
"2010","5","2010-05-01 00:00:00","django","592","52146","1.135274038277","7391"
"2010","5","2010-05-01 00:00:00","ruby-on-rails","1294","52146","2.481494266099","13473"
"2010","5","2010-05-01 00:00:00","spring","233","52146","0.446822383308","2508"
"2010","6","2010-06-01 00:00:00","django","688","55934","1.230021096292","8079"
"2010","6","2010-06-01 00:00:00","ruby-on-rails","1345","55934","2.404619730396","14818"
"2010","6","2010-06-01 00:00:00","spring","254","55934","0.454106625665","2762"
"2010","7","2010-07-01 00:00:00","django","716","61021","1.173366545943","8795"
"2010","7","2010-07-01 00:00:00","ruby-on-rails","1477","61021","2.42047819603","16295"
"2010","7","2010-07-01 00:00:00","spring","303","61021","0.496550367906","3065"
"2010","8","2010-08-01 00:00:00","django","752","63852","1.17772348556","9547"
"2010","8","2010-08-01 00:00:00","ruby-on-rails","1508","63852","2.361711457746","17803"
"2010","8","2010-08-01 00:00:00","spring","290","63852","0.454175280335","3355"
"2010","9","2010-09-01 00:00:00","django","720","61410","1.172447484123","10267"
"2010","9","2010-09-01 00:00:00","ruby-on-rails","1637","61410","2.665689627096","19440"
"2010","9","2010-09-01 00:00:00","spring","313","61410","0.509688975736","3668"
"2010","10","2010-10-01 00:00:00","django","683","63991","1.067337594349","10950"
"2010","10","2010-10-01 00:00:00","express","3","63991","0.004688159272","4"
"2010","10","2010-10-01 00:00:00","ruby-on-rails","1938","63991","3.028550889968","21378"
"2010","10","2010-10-01 00:00:00","spring","303","63991","0.473504086512","3971"
"2010","11","2010-11-01 00:00:00","django","826","69907","1.181569799876","11776"
"2010","11","2010-11-01 00:00:00","ruby-on-rails","1883","69907","2.693578611583","23261"
"2010","11","2010-11-01 00:00:00","spring","411","69907","0.587923956113","4382"
"2010","12","2010-12-01 00:00:00","django","784","69801","1.123193077463","12560"
"2010","12","2010-12-01 00:00:00","express","7","69801","0.01002850962","11"
"2010","12","2010-12-01 00:00:00","ruby-on-rails","1993","69801","2.855259953295","25254"
"2010","12","2010-12-01 00:00:00","spring","359","69801","0.514319279093","4741"
"2011","1","2011-01-01 00:00:00","django","932","80151","1.162805205175","13492"
"2011","1","2011-01-01 00:00:00","express","16","80151","0.019962321118","27"
"2011","1","2011-01-01 00:00:00","ruby-on-rails","2262","80151","2.822173148182","27516"
"2011","1","2011-01-01 00:00:00","spring","397","80151","0.495315092762","5138"
"2011","2","2011-02-01 00:00:00","django","1012","83217","1.21609767235","14504"
"2011","2","2011-02-01 00:00:00","express","11","83217","0.01321845296","38"
"2011","2","2011-02-01 00:00:00","ruby-on-rails","2340","83217","2.811925447925","29856"
"2011","2","2011-02-01 00:00:00","spring","471","83217","0.56599012221","5609"
"2011","3","2011-03-01 00:00:00","django","1141","101426","1.124958097529","15645"
"2011","3","2011-03-01 00:00:00","express","29","101426","0.02859227417","67"
"2011","3","2011-03-01 00:00:00","ruby-on-rails","2863","101426","2.822747618953","32719"
"2011","3","2011-03-01 00:00:00","spring","588","101426","0.579733007315","6197"
"2011","4","2011-04-01 00:00:00","django","1039","96055","1.081671958773","16684"
"2011","4","2011-04-01 00:00:00","express","44","96055","0.045807089688","111"
"2011","4","2011-04-01 00:00:00","ruby-on-rails","2465","96055","2.566238092759","35184"
"2011","4","2011-04-01 00:00:00","spring","491","96055","0.511165478111","6688"
"2011","5","2011-05-01 00:00:00","django","1215","100885","1.204341577043","17899"
"2011","5","2011-05-01 00:00:00","express","48","100885","0.0475789265","159"
"2011","5","2011-05-01 00:00:00","ruby-on-rails","2584","100885","2.561332209942","37768"
"2011","5","2011-05-01 00:00:00","spring","492","100885","0.487683996629","7180"
"2011","6","2011-06-01 00:00:00","django","1170","99706","1.173449942831","19069"
"2011","6","2011-06-01 00:00:00","express","39","99706","0.039114998094","198"
"2011","6","2011-06-01 00:00:00","ruby-on-rails","2506","99706","2.513389364732","40274"
"2011","6","2011-06-01 00:00:00","spring","496","99706","0.497462539867","7676"
"2011","7","2011-07-01 00:00:00","django","1122","101279","1.107830843511","20191"
"2011","7","2011-07-01 00:00:00","express","38","101279","0.037520117694","236"
"2011","7","2011-07-01 00:00:00","ruby-on-rails","2578","101279","2.545443774128","42852"
"2011","7","2011-07-01 00:00:00","spring","505","101279","0.498622616731","8181"
"2011","8","2011-08-01 00:00:00","django","1105","107853","1.024542664552","21296"
"2011","8","2011-08-01 00:00:00","express","80","107853","0.074175034537","316"
"2011","8","2011-08-01 00:00:00","laravel","2","107853","0.001854375863","2"
"2011","8","2011-08-01 00:00:00","ruby-on-rails","2866","107853","2.657320612314","45718"
"2011","8","2011-08-01 00:00:00","spring","548","107853","0.508098986583","8729"
"2011","9","2011-09-01 00:00:00","django","1022","102784","0.994318181818","22318"
"2011","9","2011-09-01 00:00:00","express","84","102784","0.081724782067","400"
"2011","9","2011-09-01 00:00:00","laravel","1","102784","0.000972914072","3"
"2011","9","2011-09-01 00:00:00","ruby-on-rails","2620","102784","2.54903486924","48338"
"2011","9","2011-09-01 00:00:00","spring","633","102784","0.615854607721","9362"
"2011","10","2011-10-01 00:00:00","django","956","102144","0.935933583959","23274"
"2011","10","2011-10-01 00:00:00","express","83","102144","0.08125783208","483"
"2011","10","2011-10-01 00:00:00","ruby-on-rails","2601","102144","2.546405075187","50939"
"2011","10","2011-10-01 00:00:00","spring","632","102144","0.618734335839","9994"
"2011","11","2011-11-01 00:00:00","django","1103","109715","1.005331996536","24377"
"2011","11","2011-11-01 00:00:00","express","72","109715","0.065624572756","555"
"2011","11","2011-11-01 00:00:00","ruby-on-rails","2642","109715","2.40805723921","53581"
"2011","11","2011-11-01 00:00:00","spring","645","109715","0.587886797611","10639"
"2011","12","2011-12-01 00:00:00","django","995","104496","0.952189557495","25372"
"2011","12","2011-12-01 00:00:00","express","87","104496","0.083256775378","642"
"2011","12","2011-12-01 00:00:00","ruby-on-rails","2453","104496","2.347458275914","56034"
"2011","12","2011-12-01 00:00:00","spring","615","104496","0.58853927423","11254"
"2012","1","2012-01-01 00:00:00","django","1220","117073","1.04208485304","26592"
"2012","1","2012-01-01 00:00:00","express","130","117073","0.111041828602","772"
"2012","1","2012-01-01 00:00:00","laravel","1","117073","0.000854167912","4"
"2012","1","2012-01-01 00:00:00","ruby-on-rails","2845","117073","2.430107710573","58879"
"2012","1","2012-01-01 00:00:00","spring","733","117073","0.626105079736","11987"
"2012","2","2012-02-01 00:00:00","django","1193","124890","0.955240611738","27785"
"2012","2","2012-02-01 00:00:00","express","104","124890","0.083273280486","876"
"2012","2","2012-02-01 00:00:00","ruby-on-rails","2997","124890","2.399711746336","61876"
"2012","2","2012-02-01 00:00:00","spring","774","124890","0.61974537593","12761"
"2012","3","2012-03-01 00:00:00","django","1374","134847","1.018932568021","29159"
"2012","3","2012-03-01 00:00:00","express","116","134847","0.086023419134","992"
"2012","3","2012-03-01 00:00:00","laravel","1","134847","0.000741581199","5"
"2012","3","2012-03-01 00:00:00","ruby-on-rails","3296","134847","2.444251633332","65172"
"2012","3","2012-03-01 00:00:00","spring","783","134847","0.580658079156","13544"
"2012","4","2012-04-01 00:00:00","django","1352","129956","1.040352119178","30511"
"2012","4","2012-04-01 00:00:00","express","169","129956","0.130044014897","1161"
"2012","4","2012-04-01 00:00:00","ruby-on-rails","3079","129956","2.369263443011","68251"
"2012","4","2012-04-01 00:00:00","spring","774","129956","0.595586198405","14318"
"2012","5","2012-05-01 00:00:00","django","1375","135567","1.014258632263","31886"
"2012","5","2012-05-01 00:00:00","express","153","135567","0.112859324171","1314"
"2012","5","2012-05-01 00:00:00","laravel","2","135567","0.001475285283","7"
"2012","5","2012-05-01 00:00:00","ruby-on-rails","3179","135567","2.344965957792","71430"
"2012","5","2012-05-01 00:00:00","spring","810","135567","0.597490539733","15128"
"2012","6","2012-06-01 00:00:00","django","1284","131787","0.974299437729","33170"
"2012","6","2012-06-01 00:00:00","express","165","131787","0.125202030549","1479"
"2012","6","2012-06-01 00:00:00","laravel","13","131787","0.009864402406","20"
"2012","6","2012-06-01 00:00:00","ruby-on-rails","3035","131787","2.302958561921","74465"
"2012","6","2012-06-01 00:00:00","spring","760","131787","0.576688140711","15888"
"2012","7","2012-07-01 00:00:00","django","1471","143098","1.027966847894","34641"
"2012","7","2012-07-01 00:00:00","express","193","143098","0.134872604788","1672"
"2012","7","2012-07-01 00:00:00","laravel","10","143098","0.006988217864","30"
"2012","7","2012-07-01 00:00:00","ruby-on-rails","3430","143098","2.396958727585","77895"
"2012","7","2012-07-01 00:00:00","spring","917","143098","0.640819578191","16805"
"2012","8","2012-08-01 00:00:00","django","1617","142417","1.135398161736","36258"
"2012","8","2012-08-01 00:00:00","express","214","142417","0.15026296018","1886"
"2012","8","2012-08-01 00:00:00","laravel","21","142417","0.014745430671","51"
"2012","8","2012-08-01 00:00:00","ruby-on-rails","3347","142417","2.350140783754","81242"
"2012","8","2012-08-01 00:00:00","spring","882","142417","0.619308088219","17687"
"2012","9","2012-09-01 00:00:00","django","1375","133137","1.032770754936","37633"
"2012","9","2012-09-01 00:00:00","express","187","133137","0.140456822671","2073"
"2012","9","2012-09-01 00:00:00","laravel","34","133137","0.025537604122","85"
"2012","9","2012-09-01 00:00:00","ruby-on-rails","2869","133137","2.1549231243","84111"
"2012","9","2012-09-01 00:00:00","spring","875","133137","0.657217753141","18562"
"2012","10","2012-10-01 00:00:00","django","1480","150992","0.980184380629","39113"
"2012","10","2012-10-01 00:00:00","express","191","150992","0.12649676804","2264"
"2012","10","2012-10-01 00:00:00","laravel","33","150992","0.021855462541","118"
"2012","10","2012-10-01 00:00:00","ruby-on-rails","3302","150992","2.186870827593","87413"
"2012","10","2012-10-01 00:00:00","spring","978","150992","0.647716435307","19540"
"2012","11","2012-11-01 00:00:00","django","1392","149139","0.933357471888","40505"
"2012","11","2012-11-01 00:00:00","express","223","149139","0.149524939821","2487"
"2012","11","2012-11-01 00:00:00","laravel","63","149139","0.042242471788","181"
"2012","11","2012-11-01 00:00:00","ruby-on-rails","3208","149139","2.151013484065","90621"
"2012","11","2012-11-01 00:00:00","spring","922","149139","0.618215222041","20462"
"2012","12","2012-12-01 00:00:00","django","1259","136251","0.924029915376","41764"
"2012","12","2012-12-01 00:00:00","express","235","136251","0.172475798342","2722"
"2012","12","2012-12-01 00:00:00","laravel","76","136251","0.055779407123","257"
"2012","12","2012-12-01 00:00:00","ruby-on-rails","2950","136251","2.165121723877","93571"
"2012","12","2012-12-01 00:00:00","spring","917","136251","0.67302258332","21379"
"2013","1","2013-01-01 00:00:00","django","1494","158680","0.941517519536","43258"
"2013","1","2013-01-01 00:00:00","express","262","158680","0.165112175447","2984"
"2013","1","2013-01-01 00:00:00","laravel","197","158680","0.124149231157","454"
"2013","1","2013-01-01 00:00:00","ruby-on-rails","3444","158680","2.170405848248","97015"
"2013","1","2013-01-01 00:00:00","spring","1095","158680","0.690068061507","22474"
"2013","2","2013-02-01 00:00:00","django","1611","154196","1.044774183506","44869"
"2013","2","2013-02-01 00:00:00","express","225","154196","0.145918182054","3209"
"2013","2","2013-02-01 00:00:00","laravel","175","154196","0.113491919375","629"
"2013","2","2013-02-01 00:00:00","ruby-on-rails","3283","154196","2.129108407481","100298"
"2013","2","2013-02-01 00:00:00","spring","959","154196","0.621935718176","23433"
"2013","3","2013-03-01 00:00:00","django","1761","174763","1.007650360774","46630"
"2013","3","2013-03-01 00:00:00","express","303","174763","0.173377660031","3512"
"2013","3","2013-03-01 00:00:00","laravel","208","174763","0.119018327678","837"
"2013","3","2013-03-01 00:00:00","ruby-on-rails","3783","174763","2.164645834644","104081"
"2013","3","2013-03-01 00:00:00","spring","1080","174763","0.617979778328","24513"
"2013","4","2013-04-01 00:00:00","angular","1","172577","0.000579451491","1"
"2013","4","2013-04-01 00:00:00","django","1712","172577","0.992020952965","48342"
"2013","4","2013-04-01 00:00:00","express","250","172577","0.144862872804","3762"
"2013","4","2013-04-01 00:00:00","laravel","225","172577","0.130376585524","1062"
"2013","4","2013-04-01 00:00:00","reactjs","1","172577","0.000579451491","1"
"2013","4","2013-04-01 00:00:00","ruby-on-rails","3635","172577","2.106306170578","107716"
"2013","4","2013-04-01 00:00:00","spring","1095","172577","0.634499382884","25608"
"2013","5","2013-05-01 00:00:00","django","1735","167583","1.03530787729","50077"
"2013","5","2013-05-01 00:00:00","express","251","167583","0.149776528645","4013"
"2013","5","2013-05-01 00:00:00","laravel","359","167583","0.214222206309","1421"
"2013","5","2013-05-01 00:00:00","reactjs","1","167583","0.000596719237","2"
"2013","5","2013-05-01 00:00:00","ruby-on-rails","3474","167583","2.073002631531","111190"
"2013","5","2013-05-01 00:00:00","spring","1173","167583","0.699951665741","26781"
"2013","6","2013-06-01 00:00:00","django","1718","159369","1.078001367894","51795"
"2013","6","2013-06-01 00:00:00","express","239","159369","0.149966430108","4252"
"2013","6","2013-06-01 00:00:00","laravel","591","159369","0.370837490352","2012"
"2013","6","2013-06-01 00:00:00","reactjs","2","159369","0.001254949205","4"
"2013","6","2013-06-01 00:00:00","ruby-on-rails","3361","159369","2.108942140566","114551"
"2013","6","2013-06-01 00:00:00","spring","954","159369","0.598610771229","27735"
"2013","7","2013-07-01 00:00:00","django","1837","177978","1.032150041016","53632"
"2013","7","2013-07-01 00:00:00","express","294","177978","0.165188955938","4546"
"2013","7","2013-07-01 00:00:00","laravel","472","177978","0.265201317016","2484"
"2013","7","2013-07-01 00:00:00","reactjs","2","177978","0.001123734394","6"
"2013","7","2013-07-01 00:00:00","ruby-on-rails","3810","177978","2.140714020834","118361"
"2013","7","2013-07-01 00:00:00","spring","1135","177978","0.637719268673","28870"
"2013","8","2013-08-01 00:00:00","django","1889","171531","1.101258664614","55521"
"2013","8","2013-08-01 00:00:00","express","353","171531","0.205793704927","4899"
"2013","8","2013-08-01 00:00:00","laravel","464","171531","0.270505039905","2948"
"2013","8","2013-08-01 00:00:00","reactjs","1","171531","0.000582984999","7"
"2013","8","2013-08-01 00:00:00","ruby-on-rails","4081","171531","2.379161784167","122442"
"2013","8","2013-08-01 00:00:00","spring","1154","171531","0.672764689764","30024"
"2013","9","2013-09-01 00:00:00","django","1567","166690","0.940068390425","57088"
"2013","9","2013-09-01 00:00:00","express","335","166690","0.200971863939","5234"
"2013","9","2013-09-01 00:00:00","laravel","468","166690","0.280760693502","3416"
"2013","9","2013-09-01 00:00:00","reactjs","9","166690","0.005399244105","16"
"2013","9","2013-09-01 00:00:00","ruby-on-rails","3866","166690","2.319275301457","126308"
"2013","9","2013-09-01 00:00:00","spring","1155","166690","0.69290299358","31179"
"2013","10","2013-10-01 00:00:00","django","1734","185557","0.934483743539","58822"
"2013","10","2013-10-01 00:00:00","express","343","185557","0.184848860457","5577"
"2013","10","2013-10-01 00:00:00","laravel","412","185557","0.222034199733","3828"
"2013","10","2013-10-01 00:00:00","reactjs","5","185557","0.002694589802","21"
"2013","10","2013-10-01 00:00:00","ruby-on-rails","4074","185557","2.195551771153","130382"
"2013","10","2013-10-01 00:00:00","spring","1261","185557","0.679575548214","32440"
"2013","11","2013-11-01 00:00:00","angular","1","177603","0.000563053552","2"
"2013","11","2013-11-01 00:00:00","django","1760","177603","0.990974251561","60582"
"2013","11","2013-11-01 00:00:00","express","366","177603","0.20607760004","5943"
"2013","11","2013-11-01 00:00:00","laravel","356","177603","0.20044706452","4184"
"2013","11","2013-11-01 00:00:00","reactjs","7","177603","0.003941374864","28"
"2013","11","2013-11-01 00:00:00","ruby-on-rails","3682","177603","2.073163178549","134064"
"2013","11","2013-11-01 00:00:00","spring","1147","177603","0.64582242417","33587"
"2013","12","2013-12-01 00:00:00","django","1538","166534","0.923535133966","62120"
"2013","12","2013-12-01 00:00:00","express","421","166534","0.252801229778","6364"
"2013","12","2013-12-01 00:00:00","laravel","413","166534","0.247997405935","4597"
"2013","12","2013-12-01 00:00:00","reactjs","22","166534","0.01321051557","50"
"2013","12","2013-12-01 00:00:00","ruby-on-rails","3674","166534","2.206156100255","137738"
"2013","12","2013-12-01 00:00:00","spring","1194","166534","0.716970708684","34781"
"2014","1","2014-01-01 00:00:00","django","1908","190238","1.002954194219","64028"
"2014","1","2014-01-01 00:00:00","express","439","190238","0.230763569844","6803"
"2014","1","2014-01-01 00:00:00","laravel","551","190238","0.289637191307","5148"
"2014","1","2014-01-01 00:00:00","reactjs","47","190238","0.024705894721","97"
"2014","1","2014-01-01 00:00:00","ruby-on-rails","4043","190238","2.12523260337","141781"
"2014","1","2014-01-01 00:00:00","spring","1405","190238","0.738548554967","36186"
"2014","2","2014-02-01 00:00:00","django","1711","189237","0.904157220839","65739"
"2014","2","2014-02-01 00:00:00","express","403","189237","0.212960467561","7206"
"2014","2","2014-02-01 00:00:00","laravel","616","189237","0.325517737017","5764"
"2014","2","2014-02-01 00:00:00","reactjs","47","189237","0.024836580584","144"
"2014","2","2014-02-01 00:00:00","ruby-on-rails","3826","189237","2.021803347125","145607"
"2014","2","2014-02-01 00:00:00","spring","1372","189237","0.725016777902","37558"
"2014","3","2014-03-01 00:00:00","django","2095","209002","1.002382752318","67834"
"2014","3","2014-03-01 00:00:00","express","454","209002","0.217222801695","7660"
"2014","3","2014-03-01 00:00:00","laravel","800","209002","0.382771456732","6564"
"2014","3","2014-03-01 00:00:00","reactjs","45","209002","0.021530894441","189"
"2014","3","2014-03-01 00:00:00","ruby-on-rails","4187","209002","2.003330111673","149794"
"2014","3","2014-03-01 00:00:00","spring","1592","209002","0.761715198897","39150"
"2014","3","2014-03-01 00:00:00","vue.js","1","209002","0.00047846432","1"
"2014","4","2014-04-01 00:00:00","django","1813","195465","0.927531783183","69647"
"2014","4","2014-04-01 00:00:00","express","442","195465","0.226127439695","8102"
"2014","4","2014-04-01 00:00:00","laravel","871","195465","0.44560407234","7435"
"2014","4","2014-04-01 00:00:00","reactjs","33","195465","0.016882817895","222"
"2014","4","2014-04-01 00:00:00","ruby-on-rails","3906","195465","1.99831171821","153700"
"2014","4","2014-04-01 00:00:00","spring","1501","195465","0.767912413987","40651"
"2014","5","2014-05-01 00:00:00","angular","1","177582","0.000563120136","3"
"2014","5","2014-05-01 00:00:00","django","1692","177582","0.952799270196","71339"
"2014","5","2014-05-01 00:00:00","express","477","177582","0.268608304895","8579"
"2014","5","2014-05-01 00:00:00","laravel","809","177582","0.455564190064","8244"
"2014","5","2014-05-01 00:00:00","reactjs","65","177582","0.036602808843","287"
"2014","5","2014-05-01 00:00:00","ruby-on-rails","3859","177582","2.173080605016","157559"
"2014","5","2014-05-01 00:00:00","spring","1547","177582","0.871146850469","42198"
"2014","5","2014-05-01 00:00:00","vue.js","4","177582","0.002252480544","5"
"2014","6","2014-06-01 00:00:00","django","1707","163898","1.041501421615","73046"
"2014","6","2014-06-01 00:00:00","express","426","163898","0.259917753724","9005"
"2014","6","2014-06-01 00:00:00","laravel","784","163898","0.478346288545","9028"
"2014","6","2014-06-01 00:00:00","reactjs","69","163898","0.042099354476","356"
"2014","6","2014-06-01 00:00:00","ruby-on-rails","3566","163898","2.175743450194","161125"
"2014","6","2014-06-01 00:00:00","spring","1471","163898","0.897509426594","43669"
"2014","7","2014-07-01 00:00:00","angular","1","178561","0.000560032705","4"
"2014","7","2014-07-01 00:00:00","django","1793","178561","1.004138641696","74839"
"2014","7","2014-07-01 00:00:00","express","485","178561","0.271615862366","9490"
"2014","7","2014-07-01 00:00:00","laravel","863","178561","0.4833082252","9891"
"2014","7","2014-07-01 00:00:00","reactjs","80","178561","0.044802616472","436"
"2014","7","2014-07-01 00:00:00","ruby-on-rails","3758","178561","2.104602908809","164883"
"2014","7","2014-07-01 00:00:00","spring","1696","178561","0.949815469223","45365"
"2014","7","2014-07-01 00:00:00","vue.js","3","178561","0.001680098117","8"
"2014","8","2014-08-01 00:00:00","angular","1","164930","0.000606317831","5"
"2014","8","2014-08-01 00:00:00","django","1655","164930","1.003456011641","76494"
"2014","8","2014-08-01 00:00:00","express","492","164930","0.298308373249","9982"
"2014","8","2014-08-01 00:00:00","laravel","903","164930","0.547505002122","10794"
"2014","8","2014-08-01 00:00:00","reactjs","76","164930","0.046080155217","512"
"2014","8","2014-08-01 00:00:00","ruby-on-rails","3509","164930","2.127569271812","168392"
"2014","8","2014-08-01 00:00:00","spring","1448","164930","0.877948220457","46813"
"2014","9","2014-09-01 00:00:00","django","1639","167559","0.978162915749","78133"
"2014","9","2014-09-01 00:00:00","express","380","167559","0.226785788886","10362"
"2014","9","2014-09-01 00:00:00","laravel","926","167559","0.552641159233","11720"
"2014","9","2014-09-01 00:00:00","reactjs","96","167559","0.057293251929","608"
"2014","9","2014-09-01 00:00:00","ruby-on-rails","3045","167559","1.817270334628","171437"
"2014","9","2014-09-01 00:00:00","spring","1563","167559","0.932805757971","48376"
"2014","9","2014-09-01 00:00:00","vue.js","2","167559","0.001193609415","10"
"2014","10","2014-10-01 00:00:00","angular","1","174559","0.000572872209","6"
"2014","10","2014-10-01 00:00:00","django","1672","174559","0.95784233411","79805"
"2014","10","2014-10-01 00:00:00","express","436","174559","0.249772283296","10798"
"2014","10","2014-10-01 00:00:00","laravel","985","174559","0.564279126255","12705"
"2014","10","2014-10-01 00:00:00","reactjs","134","174559","0.076764876059","742"
"2014","10","2014-10-01 00:00:00","ruby-on-rails","3140","174559","1.798818737504","174577"
"2014","10","2014-10-01 00:00:00","spring","1506","174559","0.86274554735","49882"
"2014","10","2014-10-01 00:00:00","vue.js","2","174559","0.001145744418","12"
"2014","11","2014-11-01 00:00:00","angular","2","168195","0.001189095989","8"
"2014","11","2014-11-01 00:00:00","django","1666","168195","0.990516959481","81471"
"2014","11","2014-11-01 00:00:00","express","459","168195","0.272897529653","11257"
"2014","11","2014-11-01 00:00:00","laravel","1026","168195","0.610006242753","13731"
"2014","11","2014-11-01 00:00:00","reactjs","157","168195","0.093344035197","899"
"2014","11","2014-11-01 00:00:00","ruby-on-rails","3083","168195","1.832991468236","177660"
"2014","11","2014-11-01 00:00:00","spring","1604","168195","0.953654983798","51486"
"2014","11","2014-11-01 00:00:00","vue.js","3","168195","0.001783643984","15"
"2014","12","2014-12-01 00:00:00","angular","1","156717","0.000638092868","9"
"2014","12","2014-12-01 00:00:00","django","1632","156717","1.041367560634","83103"
"2014","12","2014-12-01 00:00:00","express","426","156717","0.271827561783","11683"
"2014","12","2014-12-01 00:00:00","laravel","989","156717","0.631073846487","14720"
"2014","12","2014-12-01 00:00:00","reactjs","171","156717","0.109113880434","1070"
"2014","12","2014-12-01 00:00:00","ruby-on-rails","2983","156717","1.903431025351","180643"
"2014","12","2014-12-01 00:00:00","spring","1450","156717","0.925234658652","52936"
"2014","12","2014-12-01 00:00:00","vue.js","3","156717","0.001914278604","18"
"2015","1","2015-01-01 00:00:00","angular","1","167358","0.00059752148","10"
"2015","1","2015-01-01 00:00:00","django","1793","167358","1.071356015248","84896"
"2015","1","2015-01-01 00:00:00","express","505","167358","0.301748347853","12188"
"2015","1","2015-01-01 00:00:00","laravel","1083","167358","0.647115763811","15803"
"2015","1","2015-01-01 00:00:00","reactjs","199","167358","0.118906774698","1269"
"2015","1","2015-01-01 00:00:00","ruby-on-rails","3182","167358","1.901313352215","183825"
"2015","1","2015-01-01 00:00:00","spring","1576","167358","0.941693853894","54512"
"2015","1","2015-01-01 00:00:00","vue.js","4","167358","0.002390085923","22"
"2015","2","2015-02-01 00:00:00","angular","3","169756","0.001767242394","13"
"2015","2","2015-02-01 00:00:00","django","1683","169756","0.991422983576","86579"
"2015","2","2015-02-01 00:00:00","express","471","169756","0.277457056009","12659"
"2015","2","2015-02-01 00:00:00","laravel","1173","169756","0.690991776432","16976"
"2015","2","2015-02-01 00:00:00","reactjs","330","169756","0.194396663446","1599"
"2015","2","2015-02-01 00:00:00","ruby-on-rails","3089","169756","1.819670586017","186914"
"2015","2","2015-02-01 00:00:00","spring","1522","169756","0.896580975046","56034"
"2015","2","2015-02-01 00:00:00","vue.js","1","169756","0.000589080798","23"
"2015","3","2015-03-01 00:00:00","angular","21","191396","0.010972016134","34"
"2015","3","2015-03-01 00:00:00","django","1822","191396","0.951953018871","88401"
"2015","3","2015-03-01 00:00:00","express","537","191396","0.280570126857","13196"
"2015","3","2015-03-01 00:00:00","laravel","1147","191396","0.599281071704","18123"
"2015","3","2015-03-01 00:00:00","reactjs","383","191396","0.200108675207","1982"
"2015","3","2015-03-01 00:00:00","ruby-on-rails","3510","191396","1.833894125269","190424"
"2015","3","2015-03-01 00:00:00","spring","1825","191396","0.953520449748","57859"
"2015","3","2015-03-01 00:00:00","vue.js","2","191396","0.001044953917","25"
"2015","4","2015-04-01 00:00:00","angular","14","191391","0.007314868515","48"
"2015","4","2015-04-01 00:00:00","django","1756","191391","0.917493508054","90157"
"2015","4","2015-04-01 00:00:00","express","505","191391","0.263857757156","13701"
"2015","4","2015-04-01 00:00:00","laravel","1207","191391","0.630646164135","19330"
"2015","4","2015-04-01 00:00:00","reactjs","457","191391","0.238778207961","2439"
"2015","4","2015-04-01 00:00:00","ruby-on-rails","3411","191391","1.782215464677","193835"
"2015","4","2015-04-01 00:00:00","spring","1812","191391","0.946752982115","59671"
"2015","4","2015-04-01 00:00:00","vue.js","5","191391","0.002612453041","30"
"2015","5","2015-05-01 00:00:00","angular","41","187212","0.021900305535","89"
"2015","5","2015-05-01 00:00:00","django","1919","187212","1.025041129842","92076"
"2015","5","2015-05-01 00:00:00","express","578","187212","0.308740892677","14279"
"2015","5","2015-05-01 00:00:00","laravel","1103","187212","0.589171634296","20433"
"2015","5","2015-05-01 00:00:00","reactjs","443","187212","0.236630130547","2882"
"2015","5","2015-05-01 00:00:00","ruby-on-rails","3539","187212","1.890370275409","197374"
"2015","5","2015-05-01 00:00:00","spring","1684","187212","0.899514988355","61355"
"2015","5","2015-05-01 00:00:00","vue.js","11","187212","0.005875691729","41"
"2015","6","2015-06-01 00:00:00","angular","60","189346","0.031688020871","149"
"2015","6","2015-06-01 00:00:00","django","1994","189346","1.053098560307","94070"
"2015","6","2015-06-01 00:00:00","express","622","189346","0.328499149704","14901"
"2015","6","2015-06-01 00:00:00","laravel","1123","189346","0.593094123984","21556"
"2015","6","2015-06-01 00:00:00","reactjs","526","189346","0.277798316309","3408"
"2015","6","2015-06-01 00:00:00","ruby-on-rails","3652","189346","1.928744203732","201026"
"2015","6","2015-06-01 00:00:00","spring","1742","189346","0.920008872645","63097"
"2015","6","2015-06-01 00:00:00","vue.js","37","189346","0.019540946204","78"
"2015","7","2015-07-01 00:00:00","angular","64","196888","0.032505790093","213"
"2015","7","2015-07-01 00:00:00","django","2189","196888","1.111799601804","96259"
"2015","7","2015-07-01 00:00:00","express","627","196888","0.318455162325","15528"
"2015","7","2015-07-01 00:00:00","laravel","1323","196888","0.671955629596","22879"
"2015","7","2015-07-01 00:00:00","reactjs","643","196888","0.326581609849","4051"
"2015","7","2015-07-01 00:00:00","ruby-on-rails","3810","196888","1.935110316525","204836"
"2015","7","2015-07-01 00:00:00","spring","1893","196888","0.961460322619","64990"
"2015","7","2015-07-01 00:00:00","vue.js","44","196888","0.022347730689","122"
"2015","8","2015-08-01 00:00:00","angular","72","182712","0.039406278733","285"
"2015","8","2015-08-01 00:00:00","django","1938","182712","1.060685669249","98197"
"2015","8","2015-08-01 00:00:00","express","612","182712","0.334953369236","16140"
"2015","8","2015-08-01 00:00:00","laravel","1272","182712","0.696177590962","24151"
"2015","8","2015-08-01 00:00:00","reactjs","606","182712","0.331669512675","4657"
"2015","8","2015-08-01 00:00:00","ruby-on-rails","3592","182712","1.965935461272","208428"
"2015","8","2015-08-01 00:00:00","spring","1894","182712","1.036604054468","66884"
"2015","8","2015-08-01 00:00:00","vue.js","42","182712","0.022986995928","164"
"2015","9","2015-09-01 00:00:00","angular","77","179104","0.042991781311","362"
"2015","9","2015-09-01 00:00:00","django","1939","179104","1.082611220296","100136"
"2015","9","2015-09-01 00:00:00","express","596","179104","0.332767554046","16736"
"2015","9","2015-09-01 00:00:00","laravel","1156","179104","0.645435054493","25307"
"2015","9","2015-09-01 00:00:00","reactjs","750","179104","0.418751116669","5407"
"2015","9","2015-09-01 00:00:00","ruby-on-rails","3286","179104","1.834688225835","211714"
"2015","9","2015-09-01 00:00:00","spring","1875","179104","1.046877791674","68759"
"2015","9","2015-09-01 00:00:00","vue.js","51","179104","0.028475075933","215"
"2015","10","2015-10-01 00:00:00","angular","122","187815","0.064957538002","484"
"2015","10","2015-10-01 00:00:00","django","1982","187815","1.055293773127","102118"
"2015","10","2015-10-01 00:00:00","express","584","187815","0.310944280275","17320"
"2015","10","2015-10-01 00:00:00","laravel","1301","187815","0.692702925751","26608"
"2015","10","2015-10-01 00:00:00","reactjs","831","187815","0.442456672789","6238"
"2015","10","2015-10-01 00:00:00","ruby-on-rails","3212","187815","1.710193541516","214926"
"2015","10","2015-10-01 00:00:00","spring","1763","187815","0.938689668024","70522"
"2015","10","2015-10-01 00:00:00","vue.js","38","187815","0.020232675771","253"
"2015","11","2015-11-01 00:00:00","angular","224","179522","0.124775793496","708"
"2015","11","2015-11-01 00:00:00","django","1823","179522","1.015474426532","103941"
"2015","11","2015-11-01 00:00:00","express","542","179522","0.301912857477","17862"
"2015","11","2015-11-01 00:00:00","laravel","1252","179522","0.697407560076","27860"
"2015","11","2015-11-01 00:00:00","reactjs","954","179522","0.531411191943","7192"
"2015","11","2015-11-01 00:00:00","ruby-on-rails","2971","179522","1.654950368199","217897"
"2015","11","2015-11-01 00:00:00","spring","1727","179522","0.961999086462","72249"
"2015","11","2015-11-01 00:00:00","vue.js","65","179522","0.036207261505","318"
"2015","12","2015-12-01 00:00:00","angular","435","173731","0.250387092689","1143"
"2015","12","2015-12-01 00:00:00","django","1942","173731","1.117820078166","105883"
"2015","12","2015-12-01 00:00:00","express","574","173731","0.330395841847","18436"
"2015","12","2015-12-01 00:00:00","laravel","1452","173731","0.835774847321","29312"
"2015","12","2015-12-01 00:00:00","reactjs","1019","173731","0.586538959656","8211"
"2015","12","2015-12-01 00:00:00","ruby-on-rails","3011","173731","1.733139163419","220908"
"2015","12","2015-12-01 00:00:00","spring","1665","173731","0.958378182362","73914"
"2015","12","2015-12-01 00:00:00","vue.js","79","173731","0.045472598442","397"
"2016","1","2016-01-01 00:00:00","angular","913","182491","0.500298644864","2056"
"2016","1","2016-01-01 00:00:00","django","2043","182491","1.119507263371","107926"
"2016","1","2016-01-01 00:00:00","express","674","182491","0.369333282189","19110"
"2016","1","2016-01-01 00:00:00","laravel","1525","182491","0.83565764887","30837"
"2016","1","2016-01-01 00:00:00","reactjs","1163","182491","0.637291702056","9374"
"2016","1","2016-01-01 00:00:00","ruby-on-rails","3363","182491","1.842830605344","224271"
"2016","1","2016-01-01 00:00:00","spring","1811","182491","0.992377706297","75725"
"2016","1","2016-01-01 00:00:00","vue.js","127","182491","0.069592473053","524"
"2016","2","2016-02-01 00:00:00","angular","1075","189823","0.566317042718","3131"
"2016","2","2016-02-01 00:00:00","django","2018","189823","1.063095620657","109944"
"2016","2","2016-02-01 00:00:00","express","686","189823","0.361389294237","19796"
"2016","2","2016-02-01 00:00:00","laravel","1543","189823","0.812862508758","32380"
"2016","2","2016-02-01 00:00:00","reactjs","1150","189823","0.605827534071","10524"
"2016","2","2016-02-01 00:00:00","ruby-on-rails","3294","189823","1.7353007802","227565"
"2016","2","2016-02-01 00:00:00","spring","1920","189823","1.011468578623","77645"
"2016","2","2016-02-01 00:00:00","vue.js","118","189823","0.062163173061","642"
"2016","3","2016-03-01 00:00:00","angular","1376","203172","0.677258677376","4507"
"2016","3","2016-03-01 00:00:00","django","2174","203172","1.07002933475","112118"
"2016","3","2016-03-01 00:00:00","express","704","203172","0.346504439588","20500"
"2016","3","2016-03-01 00:00:00","laravel","1769","203172","0.870690843226","34149"
"2016","3","2016-03-01 00:00:00","reactjs","1457","203172","0.717126375681","11981"
"2016","3","2016-03-01 00:00:00","ruby-on-rails","3347","203172","1.647372669462","230912"
"2016","3","2016-03-01 00:00:00","spring","2024","203172","0.996200263815","79669"
"2016","3","2016-03-01 00:00:00","vue.js","123","203172","0.060539838166","765"
"2016","4","2016-04-01 00:00:00","angular","1525","198234","0.769292855917","6032"
"2016","4","2016-04-01 00:00:00","django","2002","198234","1.009917572162","114120"
"2016","4","2016-04-01 00:00:00","express","713","198234","0.359675938537","21213"
"2016","4","2016-04-01 00:00:00","laravel","1722","198234","0.868670359272","35871"
"2016","4","2016-04-01 00:00:00","reactjs","1493","198234","0.753150317301","13474"
"2016","4","2016-04-01 00:00:00","ruby-on-rails","3437","198234","1.733809538222","234349"
"2016","4","2016-04-01 00:00:00","spring","2029","198234","1.023537839119","81698"
"2016","4","2016-04-01 00:00:00","vue.js","184","198234","0.092819597041","949"
"2016","5","2016-05-01 00:00:00","angular","1875","190915","0.982112458423","7907"
"2016","5","2016-05-01 00:00:00","django","2004","190915","1.049681795563","116124"
"2016","5","2016-05-01 00:00:00","express","697","190915","0.365083937878","21910"
"2016","5","2016-05-01 00:00:00","laravel","1975","190915","1.034491789539","37846"
"2016","5","2016-05-01 00:00:00","reactjs","1538","190915","0.805594112563","15012"
"2016","5","2016-05-01 00:00:00","ruby-on-rails","3022","190915","1.582903386323","237371"
"2016","5","2016-05-01 00:00:00","spring","1938","190915","1.015111437026","83636"
"2016","5","2016-05-01 00:00:00","vue.js","149","190915","0.078045203362","1098"
"2016","6","2016-06-01 00:00:00","angular","2186","185686","1.177256228256","10093"
"2016","6","2016-06-01 00:00:00","django","1895","185686","1.020540051484","118019"
"2016","6","2016-06-01 00:00:00","express","732","185686","0.394213887961","22642"
"2016","6","2016-06-01 00:00:00","laravel","1754","185686","0.944605409131","39600"
"2016","6","2016-06-01 00:00:00","reactjs","1667","185686","0.897752119168","16679"
"2016","6","2016-06-01 00:00:00","ruby-on-rails","3089","185686","1.663561065454","240460"
"2016","6","2016-06-01 00:00:00","spring","1773","185686","0.954837736824","85409"
"2016","6","2016-06-01 00:00:00","vue.js","149","185686","0.080242990855","1247"
"2016","7","2016-07-01 00:00:00","angular","2346","178062","1.31751861711","12439"
"2016","7","2016-07-01 00:00:00","django","1912","178062","1.073783288966","119931"
"2016","7","2016-07-01 00:00:00","express","753","178062","0.422886410351","23395"
"2016","7","2016-07-01 00:00:00","laravel","1640","178062","0.921027507272","41240"
"2016","7","2016-07-01 00:00:00","reactjs","1831","178062","1.028293515741","18510"
"2016","7","2016-07-01 00:00:00","ruby-on-rails","2892","178062","1.624153384776","243352"
"2016","7","2016-07-01 00:00:00","spring","1786","178062","1.003021419505","87195"
"2016","7","2016-07-01 00:00:00","vue.js","158","178062","0.088733137895","1405"
"2016","8","2016-08-01 00:00:00","angular","2651","182995","1.448673461023","15090"
"2016","8","2016-08-01 00:00:00","django","2030","182995","1.109319926773","121961"
"2016","8","2016-08-01 00:00:00","express","706","182995","0.385802890789","24101"
"2016","8","2016-08-01 00:00:00","laravel","1802","182995","0.984726358643","43042"
"2016","8","2016-08-01 00:00:00","reactjs","2030","182995","1.109319926773","20540"
"2016","8","2016-08-01 00:00:00","ruby-on-rails","2878","182995","1.572720566135","246230"
"2016","8","2016-08-01 00:00:00","spring","2077","182995","1.135003688625","89272"
"2016","8","2016-08-01 00:00:00","vue.js","218","182995","0.119128937949","1623"
"2016","9","2016-09-01 00:00:00","angular","2902","172752","1.679864777252","17992"
"2016","9","2016-09-01 00:00:00","django","1884","172752","1.090580716865","123845"
"2016","9","2016-09-01 00:00:00","express","740","172752","0.428359729554","24841"
"2016","9","2016-09-01 00:00:00","laravel","1612","172752","0.933129573029","44654"
"2016","9","2016-09-01 00:00:00","reactjs","1857","172752","1.074951375382","22397"
"2016","9","2016-09-01 00:00:00","ruby-on-rails","2695","172752","1.560039825877","248925"
"2016","9","2016-09-01 00:00:00","spring","1764","172752","1.021116976938","91036"
"2016","9","2016-09-01 00:00:00","vue.js","231","172752","0.13371769936","1854"
"2016","10","2016-10-01 00:00:00","angular","3381","176460","1.916014960897","21373"
"2016","10","2016-10-01 00:00:00","django","1838","176460","1.041595829083","125683"
"2016","10","2016-10-01 00:00:00","express","754","176460","0.427292304204","25595"
"2016","10","2016-10-01 00:00:00","laravel","1732","176460","0.9815255582","46386"
"2016","10","2016-10-01 00:00:00","reactjs","1893","176460","1.072764365861","24290"
"2016","10","2016-10-01 00:00:00","ruby-on-rails","2464","176460","1.396350447693","251389"
"2016","10","2016-10-01 00:00:00","spring","1753","176460","0.993426272243","92789"
"2016","10","2016-10-01 00:00:00","vue.js","316","176460","0.179077411311","2170"
"2016","11","2016-11-01 00:00:00","angular","3280","176392","1.859494761667","24653"
"2016","11","2016-11-01 00:00:00","django","1777","176392","1.007415302281","127460"
"2016","11","2016-11-01 00:00:00","express","804","176392","0.455802984262","26399"
"2016","11","2016-11-01 00:00:00","laravel","1853","176392","1.050501156515","48239"
"2016","11","2016-11-01 00:00:00","reactjs","1972","176392","1.117964533538","26262"
"2016","11","2016-11-01 00:00:00","ruby-on-rails","2431","176392","1.378180416345","253820"
"2016","11","2016-11-01 00:00:00","spring","1740","176392","0.986439294299","94529"
"2016","11","2016-11-01 00:00:00","vue.js","402","176392","0.227901492131","2572"
"2016","12","2016-12-01 00:00:00","angular","3262","163388","1.996474649301","27915"
"2016","12","2016-12-01 00:00:00","django","1675","163388","1.025167086934","129135"
"2016","12","2016-12-01 00:00:00","express","662","163388","0.405170514358","27061"
"2016","12","2016-12-01 00:00:00","laravel","1812","163388","1.109016574044","50051"
"2016","12","2016-12-01 00:00:00","reactjs","2026","163388","1.239993145151","28288"
"2016","12","2016-12-01 00:00:00","ruby-on-rails","2286","163388","1.399123558645","256106"
"2016","12","2016-12-01 00:00:00","spring","1679","163388","1.027615247141","96208"
"2016","12","2016-12-01 00:00:00","vue.js","449","163388","0.274805983303","3021"
"2017","1","2017-01-01 00:00:00","angular","3628","178023","2.037938918004","31543"
"2017","1","2017-01-01 00:00:00","django","1976","178023","1.109968936598","131111"
"2017","1","2017-01-01 00:00:00","express","790","178023","0.443762884571","27851"
"2017","1","2017-01-01 00:00:00","laravel","2068","178023","1.161647652269","52119"
"2017","1","2017-01-01 00:00:00","reactjs","2257","178023","1.267813709464","30545"
"2017","1","2017-01-01 00:00:00","ruby-on-rails","2466","178023","1.385214270066","258572"
"2017","1","2017-01-01 00:00:00","spring","1749","178023","0.98245732293","97957"
"2017","1","2017-01-01 00:00:00","vue.js","524","178023","0.294343989259","3545"
"2017","2","2017-02-01 00:00:00","angular","3957","176368","2.243604281955","35500"
"2017","2","2017-02-01 00:00:00","django","2143","176368","1.21507302912","133254"
"2017","2","2017-02-01 00:00:00","express","788","176368","0.446793069037","28639"
"2017","2","2017-02-01 00:00:00","laravel","1980","176368","1.122652635398","54099"
"2017","2","2017-02-01 00:00:00","reactjs","2271","176368","1.287648553025","32816"
"2017","2","2017-02-01 00:00:00","ruby-on-rails","2271","176368","1.287648553025","260843"
"2017","2","2017-02-01 00:00:00","spring","1768","176368","1.002449423931","99725"
"2017","2","2017-02-01 00:00:00","vue.js","509","176368","0.288601106776","4054"
"2017","3","2017-03-01 00:00:00","angular","4535","202893","2.235168290675","40035"
"2017","3","2017-03-01 00:00:00","django","2311","202893","1.139024017585","135565"
"2017","3","2017-03-01 00:00:00","express","892","202893","0.439640598739","29531"
"2017","3","2017-03-01 00:00:00","laravel","2296","202893","1.131630958189","56395"
"2017","3","2017-03-01 00:00:00","reactjs","2604","202893","1.283435111117","35420"
"2017","3","2017-03-01 00:00:00","ruby-on-rails","2467","202893","1.215911835302","263310"
"2017","3","2017-03-01 00:00:00","spring","2115","202893","1.042421374813","101840"
"2017","3","2017-03-01 00:00:00","vue.js","694","202893","0.342052214714","4748"
"2017","4","2017-04-01 00:00:00","angular","4119","179872","2.289961750578","44154"
"2017","4","2017-04-01 00:00:00","django","2014","179872","1.119685109411","137579"
"2017","4","2017-04-01 00:00:00","express","784","179872","0.435865504358","30315"
"2017","4","2017-04-01 00:00:00","laravel","2016","179872","1.120797011207","58411"
"2017","4","2017-04-01 00:00:00","reactjs","2635","179872","1.464930617327","38055"
"2017","4","2017-04-01 00:00:00","ruby-on-rails","2070","179872","1.150818359722","265380"
"2017","4","2017-04-01 00:00:00","spring","1923","179872","1.069093577655","103763"
"2017","4","2017-04-01 00:00:00","vue.js","583","179872","0.324119373776","5331"
"2017","5","2017-05-01 00:00:00","angular","4414","187800","2.350372736954","48568"
"2017","5","2017-05-01 00:00:00","django","2245","187800","1.195420660276","139824"
"2017","5","2017-05-01 00:00:00","express","783","187800","0.416932907348","31098"
"2017","5","2017-05-01 00:00:00","laravel","2158","187800","1.149094781682","60569"
"2017","5","2017-05-01 00:00:00","reactjs","3020","187800","1.608093716719","41075"
"2017","5","2017-05-01 00:00:00","ruby-on-rails","2170","187800","1.15548455804","267550"
"2017","5","2017-05-01 00:00:00","spring","2161","187800","1.150692225772","105924"
"2017","5","2017-05-01 00:00:00","vue.js","708","187800","0.376996805111","6039"
"2017","6","2017-06-01 00:00:00","angular","4550","179473","2.535200280822","53118"
"2017","6","2017-06-01 00:00:00","django","2081","179473","1.159505886679","141905"
"2017","6","2017-06-01 00:00:00","express","743","179473","0.413989848055","31841"
"2017","6","2017-06-01 00:00:00","laravel","2034","179473","1.133318103558","62603"
"2017","6","2017-06-01 00:00:00","reactjs","3038","179473","1.692733725964","44113"
"2017","6","2017-06-01 00:00:00","ruby-on-rails","2012","179473","1.12105999231","269562"
"2017","6","2017-06-01 00:00:00","spring","2046","179473","1.140004346057","107970"
"2017","6","2017-06-01 00:00:00","vue.js","705","179473","0.392816746808","6744"
"2017","7","2017-07-01 00:00:00","angular","4915","181030","2.715019610009","58033"
"2017","7","2017-07-01 00:00:00","django","2251","181030","1.24344031376","144156"
"2017","7","2017-07-01 00:00:00","express","775","181030","0.428105838811","32616"
"2017","7","2017-07-01 00:00:00","laravel","2072","181030","1.14456167486","64675"
"2017","7","2017-07-01 00:00:00","reactjs","3323","181030","1.835607357896","47436"
"2017","7","2017-07-01 00:00:00","ruby-on-rails","2089","181030","1.153952383582","271651"
"2017","7","2017-07-01 00:00:00","spring","1973","181030","1.089874606418","109943"
"2017","7","2017-07-01 00:00:00","vue.js","767","181030","0.423686681765","7511"
"2017","8","2017-08-01 00:00:00","angular","5070","178818","2.835285038418","63103"
"2017","8","2017-08-01 00:00:00","django","2341","178818","1.309152322473","146497"
"2017","8","2017-08-01 00:00:00","express","784","178818","0.438434609491","33400"
"2017","8","2017-08-01 00:00:00","laravel","2152","178818","1.203458264827","66827"
"2017","8","2017-08-01 00:00:00","reactjs","3302","178818","1.84657025579","50738"
"2017","8","2017-08-01 00:00:00","ruby-on-rails","1953","178818","1.092171929","273604"
"2017","8","2017-08-01 00:00:00","spring","2110","178818","1.179970696462","112053"
"2017","8","2017-08-01 00:00:00","vue.js","775","178818","0.433401559127","8286"
"2017","9","2017-09-01 00:00:00","angular","4614","163481","2.822346327707","67717"
"2017","9","2017-09-01 00:00:00","django","2322","163481","1.420348542032","148819"
"2017","9","2017-09-01 00:00:00","express","738","163481","0.451428606382","34138"
"2017","9","2017-09-01 00:00:00","laravel","1954","163481","1.195245930719","68781"
"2017","9","2017-09-01 00:00:00","reactjs","2836","163481","1.734758167615","53574"
"2017","9","2017-09-01 00:00:00","ruby-on-rails","1684","163481","1.030089123506","275288"
"2017","9","2017-09-01 00:00:00","spring","1842","163481","1.12673644032","113895"
"2017","9","2017-09-01 00:00:00","vue.js","879","163481","0.53767716126","9165"
"2017","10","2017-10-01 00:00:00","angular","4790","171399","2.794648743574","72507"
"2017","10","2017-10-01 00:00:00","django","2098","171399","1.224044481006","150917"
"2017","10","2017-10-01 00:00:00","express","773","171399","0.450994463211","34911"
"2017","10","2017-10-01 00:00:00","laravel","2150","171399","1.254383047742","70931"
"2017","10","2017-10-01 00:00:00","reactjs","3155","171399","1.840734193315","56729"
"2017","10","2017-10-01 00:00:00","ruby-on-rails","1807","171399","1.054265194079","277095"
"2017","10","2017-10-01 00:00:00","spring","1881","171399","1.09743930828","115776"
"2017","10","2017-10-01 00:00:00","vue.js","809","171399","0.471998086336","9974"
"2017","11","2017-11-01 00:00:00","angular","5084","170363","2.984216056303","77591"
"2017","11","2017-11-01 00:00:00","django","2116","170363","1.242053732324","153033"
"2017","11","2017-11-01 00:00:00","express","811","170363","0.476042333135","35722"
"2017","11","2017-11-01 00:00:00","laravel","2094","170363","1.229140130192","73025"
"2017","11","2017-11-01 00:00:00","reactjs","3122","170363","1.832557538902","59851"
"2017","11","2017-11-01 00:00:00","ruby-on-rails","1675","170363","0.983194707771","278770"
"2017","11","2017-11-01 00:00:00","spring","1951","170363","1.145201716335","117727"
"2017","11","2017-11-01 00:00:00","vue.js","868","170363","0.509500302295","10842"
"2017","12","2017-12-01 00:00:00","angular","4283","146397","2.925606399038","81874"
"2017","12","2017-12-01 00:00:00","django","1956","146397","1.336092952724","154989"
"2017","12","2017-12-01 00:00:00","express","677","146397","0.462441170242","36399"
"2017","12","2017-12-01 00:00:00","laravel","1899","146397","1.297157728641","74924"
"2017","12","2017-12-01 00:00:00","reactjs","2837","146397","1.937881240735","62688"
"2017","12","2017-12-01 00:00:00","ruby-on-rails","1489","146397","1.01709734489","280259"
"2017","12","2017-12-01 00:00:00","spring","1643","146397","1.122290757324","119370"
"2017","12","2017-12-01 00:00:00","vue.js","793","146397","0.54167776662","11635"
"2018","1","2018-01-01 00:00:00","angular","4809","161638","2.975166730595","86683"
"2018","1","2018-01-01 00:00:00","django","2248","161638","1.390762073274","157237"
"2018","1","2018-01-01 00:00:00","express","852","161638","0.527103775102","37251"
"2018","1","2018-01-01 00:00:00","laravel","2279","161638","1.409940731758","77203"
"2018","1","2018-01-01 00:00:00","reactjs","3289","161638","2.034793798487","65977"
"2018","1","2018-01-01 00:00:00","ruby-on-rails","1692","161638","1.046783553372","281951"
"2018","1","2018-01-01 00:00:00","spring","1831","161638","1.132778183347","121201"
"2018","1","2018-01-01 00:00:00","vue.js","858","161638","0.530815773518","12493"
"2018","2","2018-02-01 00:00:00","angular","4433","154241","2.874073689874","91116"
"2018","2","2018-02-01 00:00:00","django","2133","154241","1.382900785134","159370"
"2018","2","2018-02-01 00:00:00","express","835","154241","0.541360598025","38086"
"2018","2","2018-02-01 00:00:00","laravel","2195","154241","1.423097619958","79398"
"2018","2","2018-02-01 00:00:00","reactjs","3263","154241","2.115520516594","69240"
"2018","2","2018-02-01 00:00:00","ruby-on-rails","1462","154241","0.947867298578","283413"
"2018","2","2018-02-01 00:00:00","spring","1680","154241","1.089204556505","122881"
"2018","2","2018-02-01 00:00:00","vue.js","945","154241","0.612677563034","13438"
"2018","3","2018-03-01 00:00:00","angular","4881","174374","2.799155837452","95997"
"2018","3","2018-03-01 00:00:00","django","2270","174374","1.301799580212","161640"
"2018","3","2018-03-01 00:00:00","express","898","174374","0.514985032172","38984"
"2018","3","2018-03-01 00:00:00","laravel","2339","174374","1.341369699611","81737"
"2018","3","2018-03-01 00:00:00","reactjs","3805","174374","2.182091366832","73045"
"2018","3","2018-03-01 00:00:00","ruby-on-rails","1662","174374","0.953123745512","285075"
"2018","3","2018-03-01 00:00:00","spring","1883","174374","1.079862823586","124764"
"2018","3","2018-03-01 00:00:00","vue.js","1189","174374","0.681867709635","14627"
"2018","4","2018-04-01 00:00:00","angular","4809","163716","2.937403796818","100806"
"2018","4","2018-04-01 00:00:00","django","2221","163716","1.356617557233","163861"
"2018","4","2018-04-01 00:00:00","express","855","163716","0.522245840357","39839"
"2018","4","2018-04-01 00:00:00","laravel","2293","163716","1.400596154316","84030"
"2018","4","2018-04-01 00:00:00","reactjs","3676","163716","2.245351706613","76721"
"2018","4","2018-04-01 00:00:00","ruby-on-rails","1556","163716","0.950426348066","286631"
"2018","4","2018-04-01 00:00:00","spring","1742","163716","1.064037723863","126506"
"2018","4","2018-04-01 00:00:00","vue.js","1132","163716","0.691441276356","15759"
"2018","5","2018-05-01 00:00:00","angular","5091","168878","3.01460225725","105897"
"2018","5","2018-05-01 00:00:00","django","2491","168878","1.4750293111","166352"
"2018","5","2018-05-01 00:00:00","express","906","168878","0.536481957389","40745"
"2018","5","2018-05-01 00:00:00","laravel","2293","168878","1.357784909816","86323"
"2018","5","2018-05-01 00:00:00","reactjs","3916","168878","2.318833714278","80637"
"2018","5","2018-05-01 00:00:00","ruby-on-rails","1517","168878","0.898281599734","288148"
"2018","5","2018-05-01 00:00:00","spring","1812","168878","1.072963914778","128318"
"2018","5","2018-05-01 00:00:00","vue.js","1160","168878","0.686886391359","16919"
"2018","6","2018-06-01 00:00:00","angular","4787","155654","3.075410847135","110684"
"2018","6","2018-06-01 00:00:00","django","2361","155654","1.516825780256","168713"
"2018","6","2018-06-01 00:00:00","express","791","155654","0.508178395672","41536"
"2018","6","2018-06-01 00:00:00","laravel","2161","155654","1.38833566757","88484"
"2018","6","2018-06-01 00:00:00","reactjs","3842","155654","2.468295064694","84479"
"2018","6","2018-06-01 00:00:00","ruby-on-rails","1395","155654","0.896218535983","289543"
"2018","6","2018-06-01 00:00:00","spring","1624","155654","1.043339715008","129942"
"2018","6","2018-06-01 00:00:00","vue.js","1144","155654","0.734963444562","18063"
"2018","7","2018-07-01 00:00:00","angular","4829","160829","3.002567944835","115513"
"2018","7","2018-07-01 00:00:00","django","2402","160829","1.493511742285","171115"
"2018","7","2018-07-01 00:00:00","express","835","160829","0.519184972859","42371"
"2018","7","2018-07-01 00:00:00","laravel","2305","160829","1.433199236456","90789"
"2018","7","2018-07-01 00:00:00","reactjs","4167","160829","2.590950637011","88646"
"2018","7","2018-07-01 00:00:00","ruby-on-rails","1329","160829","0.8263435077","290872"
"2018","7","2018-07-01 00:00:00","spring","1716","160829","1.066971752606","131658"
"2018","7","2018-07-01 00:00:00","vue.js","1242","160829","0.772248785977","19305"
"2018","8","2018-08-01 00:00:00","angular","4983","159291","3.128237000207","120496"
"2018","8","2018-08-01 00:00:00","django","2421","159291","1.519859879089","173536"
"2018","8","2018-08-01 00:00:00","express","796","159291","0.499714359254","43167"
"2018","8","2018-08-01 00:00:00","laravel","2424","159291","1.521743224664","93213"
"2018","8","2018-08-01 00:00:00","reactjs","4426","159291","2.7785625051","93072"
"2018","8","2018-08-01 00:00:00","ruby-on-rails","1304","159291","0.818627543301","292176"
"2018","8","2018-08-01 00:00:00","spring","1757","159291","1.103012725138","133415"
"2018","8","2018-08-01 00:00:00","vue.js","1379","159291","0.865711182678","20684"
"2018","9","2018-09-01 00:00:00","angular","4358","145282","2.999683374402","124854"
"2018","9","2018-09-01 00:00:00","django","2145","145282","1.476438925675","175681"
"2018","9","2018-09-01 00:00:00","express","774","145282","0.532756982971","43941"
"2018","9","2018-09-01 00:00:00","laravel","2235","145282","1.538387412067","95448"
"2018","9","2018-09-01 00:00:00","reactjs","4069","145282","2.800759901433","97141"
"2018","9","2018-09-01 00:00:00","ruby-on-rails","1195","145282","0.822538235982","293371"
"2018","9","2018-09-01 00:00:00","spring","1596","145282","1.098553158684","135011"
"2018","9","2018-09-01 00:00:00","vue.js","1317","145282","0.906512850869","22001"
"2018","10","2018-10-01 00:00:00","angular","4769","161286","2.956859243827","129623"
"2018","10","2018-10-01 00:00:00","django","2089","161286","1.295214711754","177770"
"2018","10","2018-10-01 00:00:00","express","864","161286","0.535694356608","44805"
"2018","10","2018-10-01 00:00:00","laravel","2357","161286","1.461379164961","97805"
"2018","10","2018-10-01 00:00:00","reactjs","4374","161286","2.711952680331","101515"
"2018","10","2018-10-01 00:00:00","ruby-on-rails","1333","161286","0.826482149721","294704"
"2018","10","2018-10-01 00:00:00","spring","1765","161286","1.094329328025","136776"
"2018","10","2018-10-01 00:00:00","vue.js","1398","161286","0.86678322979","23399"
"2018","11","2018-11-01 00:00:00","angular","4318","150551","2.86813106522","133941"
"2018","11","2018-11-01 00:00:00","django","2047","150551","1.35967213768","179817"
"2018","11","2018-11-01 00:00:00","express","770","150551","0.511454590138","45575"
"2018","11","2018-11-01 00:00:00","laravel","2126","150551","1.412146050175","99931"
"2018","11","2018-11-01 00:00:00","reactjs","4096","150551","2.720672728842","105611"
"2018","11","2018-11-01 00:00:00","ruby-on-rails","1168","150551","0.775816832834","295872"
"2018","11","2018-11-01 00:00:00","spring","1652","150551","1.097302575207","138428"
"2018","11","2018-11-01 00:00:00","vue.js","1342","150551","0.89139228567","24741"
"2018","12","2018-12-01 00:00:00","angular","3928","132926","2.955027609346","137869"
"2018","12","2018-12-01 00:00:00","django","1942","132926","1.460963242706","181759"
"2018","12","2018-12-01 00:00:00","express","711","132926","0.534884070836","46286"
"2018","12","2018-12-01 00:00:00","laravel","2018","132926","1.518137911319","101949"
"2018","12","2018-12-01 00:00:00","reactjs","3891","132926","2.927192573311","109502"
"2018","12","2018-12-01 00:00:00","ruby-on-rails","1071","132926","0.805711448475","296943"
"2018","12","2018-12-01 00:00:00","spring","1482","132926","1.114906037945","139910"
"2018","12","2018-12-01 00:00:00","vue.js","1201","132926","0.903510223733","25942"
"2019","1","2019-01-01 00:00:00","angular","4358","150334","2.898878497212","142227"
"2019","1","2019-01-01 00:00:00","django","2256","150334","1.500658533665","184015"
"2019","1","2019-01-01 00:00:00","express","826","150334","0.549443239719","47112"
"2019","1","2019-01-01 00:00:00","laravel","2281","150334","1.517288171671","104230"
"2019","1","2019-01-01 00:00:00","reactjs","4501","150334","2.994000026607","114003"
"2019","1","2019-01-01 00:00:00","ruby-on-rails","1378","150334","0.916625646892","298321"
"2019","1","2019-01-01 00:00:00","spring","1503","150334","0.999773836923","141413"
"2019","1","2019-01-01 00:00:00","vue.js","1446","150334","0.961858262269","27388"
"2019","2","2019-02-01 00:00:00","angular","4387","147159","2.981129254751","146614"
"2019","2","2019-02-01 00:00:00","django","2287","147159","1.554101346162","186302"
"2019","2","2019-02-01 00:00:00","express","842","147159","0.572170237634","47954"
"2019","2","2019-02-01 00:00:00","laravel","2127","147159","1.44537541027","106357"
"2019","2","2019-02-01 00:00:00","reactjs","4506","147159","3.061994169571","118509"
"2019","2","2019-02-01 00:00:00","ruby-on-rails","1193","147159","0.810687759498","299514"
"2019","2","2019-02-01 00:00:00","spring","1469","147159","0.998239998912","142882"
"2019","2","2019-02-01 00:00:00","vue.js","1384","147159","0.940479345469","28772"
"2019","3","2019-03-01 00:00:00","angular","4727","161983","2.918207466215","151341"
"2019","3","2019-03-01 00:00:00","django","2554","161983","1.576708666958","188856"
"2019","3","2019-03-01 00:00:00","express","877","161983","0.541414839828","48831"
"2019","3","2019-03-01 00:00:00","laravel","2374","161983","1.465585894816","108731"
"2019","3","2019-03-01 00:00:00","reactjs","5046","161983","3.115141712401","123555"
"2019","3","2019-03-01 00:00:00","ruby-on-rails","1267","161983","0.782180846138","300781"
"2019","3","2019-03-01 00:00:00","spring","1642","161983","1.013686621435","144524"
"2019","3","2019-03-01 00:00:00","vue.js","1627","161983","1.004426390423","30399"
"2019","4","2019-04-01 00:00:00","angular","4306","154326","2.790197374389","155647"
"2019","4","2019-04-01 00:00:00","django","2528","154326","1.63809079481","191384"
"2019","4","2019-04-01 00:00:00","express","817","154326","0.529398805126","49648"
"2019","4","2019-04-01 00:00:00","laravel","2312","154326","1.498127340823","111043"
"2019","4","2019-04-01 00:00:00","reactjs","4641","154326","3.007270323859","128196"
"2019","4","2019-04-01 00:00:00","ruby-on-rails","1093","154326","0.708240996332","301874"
"2019","4","2019-04-01 00:00:00","spring","1414","154326","0.916242240452","145938"
"2019","4","2019-04-01 00:00:00","vue.js","1488","154326","0.964192683021","31887"
"2019","5","2019-05-01 00:00:00","angular","4324","152209","2.840830699892","159971"
"2019","5","2019-05-01 00:00:00","django","2434","152209","1.599117003593","193818"
"2019","5","2019-05-01 00:00:00","express","882","152209","0.579466391606","50530"
"2019","5","2019-05-01 00:00:00","laravel","2288","152209","1.503196263033","113331"
"2019","5","2019-05-01 00:00:00","reactjs","4977","152209","3.269846066921","133173"
"2019","5","2019-05-01 00:00:00","ruby-on-rails","1055","152209","0.693125899256","302929"
"2019","5","2019-05-01 00:00:00","spring","1426","152209","0.9368696989","147364"
"2019","5","2019-05-01 00:00:00","vue.js","1459","152209","0.958550414233","33346"
"2019","6","2019-06-01 00:00:00","angular","4090","136619","2.99372708042","164061"
"2019","6","2019-06-01 00:00:00","django","2078","136619","1.521018306384","195896"
"2019","6","2019-06-01 00:00:00","express","785","136619","0.574590649909","51315"
"2019","6","2019-06-01 00:00:00","laravel","2110","136619","1.544441109948","115441"
"2019","6","2019-06-01 00:00:00","reactjs","4527","136619","3.31359474158","137700"
"2019","6","2019-06-01 00:00:00","ruby-on-rails","965","136619","0.706343919952","303894"
"2019","6","2019-06-01 00:00:00","spring","1264","136619","0.925200740746","148628"
"2019","6","2019-06-01 00:00:00","vue.js","1470","136619","1.075985038684","34816"
"2019","7","2019-07-01 00:00:00","angular","4288","151873","2.823411666326","168349"
"2019","7","2019-07-01 00:00:00","django","2427","151873","1.598045735581","198323"
"2019","7","2019-07-01 00:00:00","express","863","151873","0.568237935643","52178"
"2019","7","2019-07-01 00:00:00","laravel","2452","151873","1.614506857703","117893"
"2019","7","2019-07-01 00:00:00","reactjs","5117","151873","3.369262475884","142817"
"2019","7","2019-07-01 00:00:00","ruby-on-rails","1018","151873","0.670296892798","304912"
"2019","7","2019-07-01 00:00:00","spring","1488","151873","0.979765988687","150116"
"2019","7","2019-07-01 00:00:00","vue.js","1593","151873","1.048902701599","36409"
"2019","8","2019-08-01 00:00:00","angular","3798","137949","2.75319139682","172147"
"2019","8","2019-08-01 00:00:00","django","2291","137949","1.660758686181","200614"
"2019","8","2019-08-01 00:00:00","express","803","137949","0.582099181581","52981"
"2019","8","2019-08-01 00:00:00","laravel","2294","137949","1.662933402924","120187"
"2019","8","2019-08-01 00:00:00","reactjs","5038","137949","3.65207431732","147855"
"2019","8","2019-08-01 00:00:00","ruby-on-rails","985","137949","0.714031997332","305897"
"2019","8","2019-08-01 00:00:00","spring","1294","137949","0.938027821876","151410"
"2019","8","2019-08-01 00:00:00","vue.js","1590","137949","1.152599873866","37999"
"2019","9","2019-09-01 00:00:00","angular","3997","137703","2.902623762735","176144"
"2019","9","2019-09-01 00:00:00","django","2319","137703","1.684059170824","202933"
"2019","9","2019-09-01 00:00:00","express","761","137703","0.552638649847","53742"
"2019","9","2019-09-01 00:00:00","laravel","2381","137703","1.729083607474","122568"
"2019","9","2019-09-01 00:00:00","reactjs","4952","137703","3.596145327262","152807"
"2019","9","2019-09-01 00:00:00","ruby-on-rails","981","137703","0.712402779895","306878"
"2019","9","2019-09-01 00:00:00","spring","1333","137703","0.968025387972","152743"
"2019","9","2019-09-01 00:00:00","vue.js","1595","137703","1.158289942848","39594"
"2019","10","2019-10-01 00:00:00","angular","4226","153616","2.751015519216","180370"
"2019","10","2019-10-01 00:00:00","django","2391","153616","1.556478491823","205324"
"2019","10","2019-10-01 00:00:00","express","814","153616","0.529892719508","54556"
"2019","10","2019-10-01 00:00:00","laravel","2449","153616","1.594234975523","125017"
"2019","10","2019-10-01 00:00:00","reactjs","5416","153616","3.525674408915","158223"
"2019","10","2019-10-01 00:00:00","ruby-on-rails","1028","153616","0.669201124882","307906"
"2019","10","2019-10-01 00:00:00","spring","1463","153616","0.952374752629","154206"
"2019","10","2019-10-01 00:00:00","vue.js","1734","153616","1.128788667847","41328"
"2019","11","2019-11-01 00:00:00","angular","4245","149270","2.843840021437","184615"
"2019","11","2019-11-01 00:00:00","django","2433","149270","1.629932337375","207757"
"2019","11","2019-11-01 00:00:00","express","816","149270","0.546660414014","55372"
"2019","11","2019-11-01 00:00:00","laravel","2505","149270","1.678167079788","127522"
"2019","11","2019-11-01 00:00:00","reactjs","5477","149270","3.669190058283","163700"
"2019","11","2019-11-01 00:00:00","ruby-on-rails","995","149270","0.666577343069","308901"
"2019","11","2019-11-01 00:00:00","spring","1408","149270","0.943257184966","155614"
"2019","11","2019-11-01 00:00:00","vue.js","1558","149270","1.04374623166","42886"
"2019","12","2019-12-01 00:00:00","angular","3714","133494","2.782147512247","188329"
"2019","12","2019-12-01 00:00:00","django","2304","133494","1.725920266079","210061"
"2019","12","2019-12-01 00:00:00","express","813","133494","0.609016135556","56185"
"2019","12","2019-12-01 00:00:00","laravel","2251","133494","1.68621810718","129773"
"2019","12","2019-12-01 00:00:00","reactjs","5144","133494","3.85335670517","168844"
"2019","12","2019-12-01 00:00:00","ruby-on-rails","912","133494","0.683176771989","309813"
"2019","12","2019-12-01 00:00:00","spring","1301","133494","0.974575636358","156915"
"2019","12","2019-12-01 00:00:00","vue.js","1594","133494","1.194061156306","44480"
"2020","1","2020-01-01 00:00:00","angular","3726","147769","2.521503156954","192055"
"2020","1","2020-01-01 00:00:00","django","2556","147769","1.729726803321","212617"
"2020","1","2020-01-01 00:00:00","express","965","147769","0.653046308765","57150"
"2020","1","2020-01-01 00:00:00","laravel","2491","147769","1.685739228119","132264"
"2020","1","2020-01-01 00:00:00","reactjs","5942","147769","4.021141105373","174786"
"2020","1","2020-01-01 00:00:00","ruby-on-rails","1038","147769","0.702447739377","310851"
"2020","1","2020-01-01 00:00:00","spring","1454","147769","0.983968220668","158369"
"2020","1","2020-01-01 00:00:00","vue.js","1726","147769","1.16803930459","46206"
"2020","2","2020-02-01 00:00:00","angular","4001","146259","2.735558153686","196056"
"2020","2","2020-02-01 00:00:00","django","2529","146259","1.729124361577","215146"
"2020","2","2020-02-01 00:00:00","express","861","146259","0.58868172215","58011"
"2020","2","2020-02-01 00:00:00","laravel","2412","146259","1.649129284351","134676"
"2020","2","2020-02-01 00:00:00","reactjs","5832","146259","3.987446926342","180618"
"2020","2","2020-02-01 00:00:00","ruby-on-rails","920","146259","0.629021120067","311771"
"2020","2","2020-02-01 00:00:00","spring","1433","146259","0.979768766366","159802"
"2020","2","2020-02-01 00:00:00","vue.js","1671","146259","1.142493795253","47877"
"2020","3","2020-03-01 00:00:00","angular","3972","157185","2.526958679263","200028"
"2020","3","2020-03-01 00:00:00","django","2902","157185","1.846232146833","218048"
"2020","3","2020-03-01 00:00:00","express","1028","157185","0.654006425549","59039"
"2020","3","2020-03-01 00:00:00","laravel","2455","157185","1.561853866463","137131"
"2020","3","2020-03-01 00:00:00","reactjs","6638","157185","4.223049273149","187256"
"2020","3","2020-03-01 00:00:00","ruby-on-rails","995","157185","0.633012055857","312766"
"2020","3","2020-03-01 00:00:00","spring","1619","157185","1.029996500938","161421"
"2020","3","2020-03-01 00:00:00","vue.js","1803","157185","1.147056016795","49680"
"2020","4","2020-04-01 00:00:00","angular","4394","184372","2.383225218579","204422"
"2020","4","2020-04-01 00:00:00","django","3352","184372","1.818063480354","221400"
"2020","4","2020-04-01 00:00:00","express","1245","184372","0.675265224654","60284"
"2020","4","2020-04-01 00:00:00","laravel","2868","184372","1.555550734384","139999"
"2020","4","2020-04-01 00:00:00","reactjs","8247","184372","4.473021933916","195503"
"2020","4","2020-04-01 00:00:00","ruby-on-rails","1148","184372","0.622654199119","313914"
"2020","4","2020-04-01 00:00:00","spring","1840","184372","0.997982340051","163261"
"2020","4","2020-04-01 00:00:00","vue.js","2177","184372","1.180764975158","51857"
"2020","5","2020-05-01 00:00:00","angular","4332","187989","2.304390150487","208754"
"2020","5","2020-05-01 00:00:00","django","3553","187989","1.890004202373","224953"
"2020","5","2020-05-01 00:00:00","express","1359","187989","0.722914638622","61643"
"2020","5","2020-05-01 00:00:00","laravel","2848","187989","1.5149822596","142847"
"2020","5","2020-05-01 00:00:00","reactjs","8331","187989","4.431642276941","203834"
"2020","5","2020-05-01 00:00:00","ruby-on-rails","1012","187989","0.538329370335","314926"
"2020","5","2020-05-01 00:00:00","spring","1720","187989","0.914947151163","164981"
"2020","5","2020-05-01 00:00:00","vue.js","2173","187989","1.15591869737","54030"
"2020","6","2020-06-01 00:00:00","angular","3896","173228","2.249059043572","212650"
"2020","6","2020-06-01 00:00:00","django","3190","173228","1.841503683007","228143"
"2020","6","2020-06-01 00:00:00","express","1124","173228","0.648855843166","62767"
"2020","6","2020-06-01 00:00:00","laravel","2595","173228","1.498025723324","145442"
"2020","6","2020-06-01 00:00:00","reactjs","8008","173228","4.622809245618","211842"
"2020","6","2020-06-01 00:00:00","ruby-on-rails","882","173228","0.509155563765","315808"
"2020","6","2020-06-01 00:00:00","spring","1633","173228","0.942688249012","166614"
"2020","6","2020-06-01 00:00:00","vue.js","1882","173228","1.086429445586","55912"
"2020","7","2020-07-01 00:00:00","angular","4104","167239","2.453973056523","216754"
"2020","7","2020-07-01 00:00:00","django","3511","167239","2.099390692362","231654"
"2020","7","2020-07-01 00:00:00","express","1106","167239","0.661328996226","63873"
"2020","7","2020-07-01 00:00:00","laravel","2680","167239","1.602497025215","148122"
"2020","7","2020-07-01 00:00:00","reactjs","8137","167239","4.865491900812","219979"
"2020","7","2020-07-01 00:00:00","ruby-on-rails","972","167239","0.581204144966","316780"
"2020","7","2020-07-01 00:00:00","spring","1662","167239","0.993787334294","168276"
"2020","7","2020-07-01 00:00:00","vue.js","1912","167239","1.143273997093","57824"
"2020","8","2020-08-01 00:00:00","angular","3331","149532","2.227616831179","220085"
"2020","8","2020-08-01 00:00:00","django","2984","149532","1.995559478907","234638"
"2020","8","2020-08-01 00:00:00","express","1122","149532","0.75034106412","64995"
"2020","8","2020-08-01 00:00:00","laravel","2308","149532","1.543482331541","150430"
"2020","8","2020-08-01 00:00:00","reactjs","7331","149532","4.90262953749","227310"
"2020","8","2020-08-01 00:00:00","ruby-on-rails","804","149532","0.537677553968","317584"
"2020","8","2020-08-01 00:00:00","spring","1415","149532","0.946285744857","169691"
"2020","8","2020-08-01 00:00:00","vue.js","1760","149532","1.177005590776","59584"
"2020","9","2020-09-01 00:00:00","angular","3177","142931","2.222750837816","223262"
"2020","9","2020-09-01 00:00:00","django","2620","142931","1.833052311954","237258"
"2020","9","2020-09-01 00:00:00","express","944","142931","0.660458542933","65939"
"2020","9","2020-09-01 00:00:00","laravel","2221","142931","1.553896635439","152651"
"2020","9","2020-09-01 00:00:00","reactjs","6967","142931","4.874379945568","234277"
"2020","9","2020-09-01 00:00:00","ruby-on-rails","665","142931","0.465259460858","318249"
"2020","9","2020-09-01 00:00:00","spring","1367","142931","0.956405538336","171058"
"2020","9","2020-09-01 00:00:00","vue.js","1810","142931","1.26634529948","61394"
"2020","10","2020-10-01 00:00:00","angular","2967","143032","2.074360982157","226229"
"2020","10","2020-10-01 00:00:00","django","2636","143032","1.842944236254","239894"
"2020","10","2020-10-01 00:00:00","express","915","143032","0.639716986408","66854"
"2020","10","2020-10-01 00:00:00","laravel","2095","143032","1.464707198389","154746"
"2020","10","2020-10-01 00:00:00","reactjs","6780","143032","4.74019799765","241057"
"2020","10","2020-10-01 00:00:00","ruby-on-rails","719","143032","0.50268471391","318968"
"2020","10","2020-10-01 00:00:00","spring","1239","143032","0.866239722579","172297"
"2020","10","2020-10-01 00:00:00","vue.js","1655","143032","1.157083729515","63049"
"2020","11","2020-11-01 00:00:00","angular","2621","136222","1.92406512898","228850"
"2020","11","2020-11-01 00:00:00","django","2409","136222","1.768436816373","242303"
"2020","11","2020-11-01 00:00:00","express","827","136222","0.607097238331","67681"
"2020","11","2020-11-01 00:00:00","laravel","2036","136222","1.494619077682","156782"
"2020","11","2020-11-01 00:00:00","reactjs","6459","136222","4.741524863825","247516"
"2020","11","2020-11-01 00:00:00","ruby-on-rails","631","136222","0.463214458751","319599"
"2020","11","2020-11-01 00:00:00","spring","1229","136222","0.902203755634","173526"
"2020","11","2020-11-01 00:00:00","vue.js","1603","136222","1.176755590139","64652"
"2020","12","2020-12-01 00:00:00","angular","2637","135216","1.950212992545","231487"
"2020","12","2020-12-01 00:00:00","django","2620","135216","1.937640515915","244923"
"2020","12","2020-12-01 00:00:00","express","983","135216","0.726984972192","68664"
"2020","12","2020-12-01 00:00:00","laravel","2104","135216","1.556028872322","158886"
"2020","12","2020-12-01 00:00:00","reactjs","6609","135216","4.887735179268","254125"
"2020","12","2020-12-01 00:00:00","ruby-on-rails","710","135216","0.525085788664","320309"
"2020","12","2020-12-01 00:00:00","spring","1163","135216","0.86010531298","174689"
"2020","12","2020-12-01 00:00:00","vue.js","1630","135216","1.20547864158","66282"
"2021","1","2021-01-01 00:00:00","angular","2653","141205","1.878828653376","234140"
"2021","1","2021-01-01 00:00:00","django","2787","141205","1.973726142841","247710"
"2021","1","2021-01-01 00:00:00","express","996","141205","0.705357459013","69660"
"2021","1","2021-01-01 00:00:00","laravel","2075","141205","1.469494706278","160961"
"2021","1","2021-01-01 00:00:00","reactjs","7273","141205","5.150667469282","261398"
"2021","1","2021-01-01 00:00:00","ruby-on-rails","771","141205","0.546014659537","321080"
"2021","1","2021-01-01 00:00:00","spring","1252","141205","0.886654155306","175941"
"2021","1","2021-01-01 00:00:00","vue.js","1675","141205","1.18621861832","67957"
"2021","2","2021-02-01 00:00:00","angular","2448","132972","1.840989080407","236588"
"2021","2","2021-02-01 00:00:00","django","2404","132972","1.807899407394","250114"
"2021","2","2021-02-01 00:00:00","express","868","132972","0.652769004","70528"
"2021","2","2021-02-01 00:00:00","laravel","1905","132972","1.432632433895","162866"
"2021","2","2021-02-01 00:00:00","reactjs","6503","132972","4.890503263845","267901"
"2021","2","2021-02-01 00:00:00","ruby-on-rails","701","132972","0.527178654152","321781"
"2021","2","2021-02-01 00:00:00","spring","1090","132972","0.819721445116","177031"
"2021","2","2021-02-01 00:00:00","vue.js","1539","132972","1.157386517462","69496"
"2021","3","2021-03-01 00:00:00","angular","2958","150473","1.965801173632","239546"
"2021","3","2021-03-01 00:00:00","django","2629","150473","1.747157297322","252743"
"2021","3","2021-03-01 00:00:00","express","990","150473","0.657925342087","71518"
"2021","3","2021-03-01 00:00:00","laravel","2128","150473","1.414207199962","164994"
"2021","3","2021-03-01 00:00:00","reactjs","7635","150473","5.073999986708","275536"
"2021","3","2021-03-01 00:00:00","ruby-on-rails","700","150473","0.465199736829","322481"
"2021","3","2021-03-01 00:00:00","spring","1342","150473","0.891854352608","178373"
"2021","3","2021-03-01 00:00:00","vue.js","1777","150473","1.180942760495","71273"
"2021","4","2021-04-01 00:00:00","angular","2497","137676","1.81367849153","242043"
"2021","4","2021-04-01 00:00:00","django","2502","137676","1.817310206571","255245"
"2021","4","2021-04-01 00:00:00","express","892","137676","0.647897963334","72410"
"2021","4","2021-04-01 00:00:00","laravel","2064","137676","1.49917196897","167058"
"2021","4","2021-04-01 00:00:00","reactjs","7181","137676","5.215869142043","282717"
"2021","4","2021-04-01 00:00:00","ruby-on-rails","756","137676","0.549115314215","323237"
"2021","4","2021-04-01 00:00:00","spring","1180","137676","0.857084749702","179553"
"2021","4","2021-04-01 00:00:00","vue.js","1659","137676","1.20500305064","72932"
"2021","5","2021-05-01 00:00:00","angular","2610","135401","1.927607624759","244653"
"2021","5","2021-05-01 00:00:00","django","2685","135401","1.982998648459","257930"
"2021","5","2021-05-01 00:00:00","express","993","135401","0.733377153787","73403"
"2021","5","2021-05-01 00:00:00","laravel","1984","135401","1.465277213609","169042"
"2021","5","2021-05-01 00:00:00","reactjs","7025","135401","5.18829255323","289742"
"2021","5","2021-05-01 00:00:00","ruby-on-rails","670","135401","0.494826478386","323907"
"2021","5","2021-05-01 00:00:00","spring","1134","135401","0.837512278343","180687"
"2021","5","2021-05-01 00:00:00","vue.js","1602","135401","1.183152266231","74534"
"2021","6","2021-06-01 00:00:00","angular","2595","130600","1.98698315467","247248"
"2021","6","2021-06-01 00:00:00","django","2557","130600","1.957886676875","260487"
"2021","6","2021-06-01 00:00:00","express","915","130600","0.700612557427","74318"
"2021","6","2021-06-01 00:00:00","laravel","2117","130600","1.620980091883","171159"
"2021","6","2021-06-01 00:00:00","reactjs","6716","130600","5.142419601837","296458"
"2021","6","2021-06-01 00:00:00","ruby-on-rails","597","130600","0.457120980091","324504"
"2021","6","2021-06-01 00:00:00","spring","1166","130600","0.892802450229","181853"
"2021","6","2021-06-01 00:00:00","vue.js","1557","130600","1.192189892802","76091"
"2021","7","2021-07-01 00:00:00","angular","2520","125496","2.008032128514","249768"
"2021","7","2021-07-01 00:00:00","django","2548","125496","2.030343596608","263035"
"2021","7","2021-07-01 00:00:00","express","811","125496","0.646235736597","75129"
"2021","7","2021-07-01 00:00:00","laravel","1960","125496","1.561802766622","173119"
"2021","7","2021-07-01 00:00:00","reactjs","6714","125496","5.349971313826","303172"
"2021","7","2021-07-01 00:00:00","ruby-on-rails","609","125496","0.485274431057","325113"
"2021","7","2021-07-01 00:00:00","spring","1053","125496","0.839070567986","182906"
"2021","7","2021-07-01 00:00:00","vue.js","1527","125496","1.216771849301","77618"
"2021","8","2021-08-01 00:00:00","angular","2454","123753","1.982982230733","252222"
"2021","8","2021-08-01 00:00:00","django","2481","123753","2.004799883639","265516"
"2021","8","2021-08-01 00:00:00","express","900","123753","0.727255096846","76029"
"2021","8","2021-08-01 00:00:00","laravel","1949","123753","1.574911315281","175068"
"2021","8","2021-08-01 00:00:00","reactjs","6769","123753","5.469766389501","309941"
"2021","8","2021-08-01 00:00:00","ruby-on-rails","612","123753","0.494533465855","325725"
"2021","8","2021-08-01 00:00:00","spring","1113","123753","0.899372136433","184019"
"2021","8","2021-08-01 00:00:00","vue.js","1402","123753","1.132901828642","79020"
"2021","9","2021-09-01 00:00:00","angular","2398","121318","1.976623419443","254620"
"2021","9","2021-09-01 00:00:00","django","2166","121318","1.785390461431","267682"
"2021","9","2021-09-01 00:00:00","express","887","121318","0.731136352396","76916"
"2021","9","2021-09-01 00:00:00","laravel","1788","121318","1.473812624672","176856"
"2021","9","2021-09-01 00:00:00","reactjs","6948","121318","5.727097380438","316889"
"2021","9","2021-09-01 00:00:00","ruby-on-rails","592","121318","0.487973754925","326317"
"2021","9","2021-09-01 00:00:00","spring","1084","121318","0.893519510707","185103"
"2021","9","2021-09-01 00:00:00","vue.js","1514","121318","1.247959907021","80534"
"2021","10","2021-10-01 00:00:00","angular","2179","120584","1.807039076494","256799"
"2021","10","2021-10-01 00:00:00","django","2006","120584","1.663570622968","269688"
"2021","10","2021-10-01 00:00:00","express","811","120584","0.672560206992","77727"
"2021","10","2021-10-01 00:00:00","laravel","1619","120584","1.342632521727","178475"
"2021","10","2021-10-01 00:00:00","reactjs","6472","120584","5.367212897233","323361"
"2021","10","2021-10-01 00:00:00","ruby-on-rails","529","120584","0.43869833477","326846"
"2021","10","2021-10-01 00:00:00","spring","1069","120584","0.886518941153","186172"
"2021","10","2021-10-01 00:00:00","vue.js","1445","120584","1.198334770782","81979"
"2021","11","2021-11-01 00:00:00","angular","2403","136003","1.76687278957","259202"
"2021","11","2021-11-01 00:00:00","django","2341","136003","1.721285559877","272029"
"2021","11","2021-11-01 00:00:00","express","890","136003","0.65439732947","78617"
"2021","11","2021-11-01 00:00:00","laravel","1730","136003","1.272030764027","180205"
"2021","11","2021-11-01 00:00:00","reactjs","7289","136003","5.359440600574","330650"
"2021","11","2021-11-01 00:00:00","ruby-on-rails","586","136003","0.430872848393","327432"
"2021","11","2021-11-01 00:00:00","spring","1234","136003","0.907332926479","187406"
"2021","11","2021-11-01 00:00:00","vue.js","1548","136003","1.13821018654","83527"
"2021","12","2021-12-01 00:00:00","angular","2457","135662","1.811118809983","261659"
"2021","12","2021-12-01 00:00:00","django","2464","135662","1.816278692633","274493"
"2021","12","2021-12-01 00:00:00","express","979","135662","0.72164644484","79596"
"2021","12","2021-12-01 00:00:00","laravel","1648","135662","1.214783800916","181853"
"2021","12","2021-12-01 00:00:00","reactjs","7590","135662","5.594787044271","338240"
"2021","12","2021-12-01 00:00:00","ruby-on-rails","590","135662","0.434904394745","328022"
"2021","12","2021-12-01 00:00:00","spring","1153","135662","0.849906384986","188559"
"2021","12","2021-12-01 00:00:00","vue.js","1473","135662","1.085786734678","85000"
"2022","1","2022-01-01 00:00:00","angular","2550","143040","1.782718120805","264209"
"2022","1","2022-01-01 00:00:00","django","2815","143040","1.96798098434","277308"
"2022","1","2022-01-01 00:00:00","express","1025","143040","0.716582774049","80621"
"2022","1","2022-01-01 00:00:00","laravel","1663","143040","1.162611856823","183516"
"2022","1","2022-01-01 00:00:00","reactjs","8379","143040","5.857802013422","346619"
"2022","1","2022-01-01 00:00:00","ruby-on-rails","669","143040","0.467701342281","328691"
"2022","1","2022-01-01 00:00:00","spring","1241","143040","0.867589485458","189800"
"2022","1","2022-01-01 00:00:00","vue.js","1507","143040","1.053551454138","86507"
"2022","2","2022-02-01 00:00:00","angular","2540","140002","1.814259796288","266749"
"2022","2","2022-02-01 00:00:00","django","2654","140002","1.895687204468","279962"
"2022","2","2022-02-01 00:00:00","express","954","140002","0.681418836873","81575"
"2022","2","2022-02-01 00:00:00","laravel","1730","140002","1.235696632905","185246"
"2022","2","2022-02-01 00:00:00","reactjs","7993","140002","5.709204154226","354612"
"2022","2","2022-02-01 00:00:00","ruby-on-rails","655","140002","0.467850459279","329346"
"2022","2","2022-02-01 00:00:00","spring","1270","140002","0.907129898144","191070"
"2022","2","2022-02-01 00:00:00","vue.js","1427","140002","1.019271153269","87934"
"2022","3","2022-03-01 00:00:00","angular","2722","152677","1.782848759145","269471"
"2022","3","2022-03-01 00:00:00","django","2550","152677","1.670192628883","282512"
"2022","3","2022-03-01 00:00:00","express","1061","152677","0.694931129115","82636"
"2022","3","2022-03-01 00:00:00","laravel","1813","152677","1.18747421026","187059"
"2022","3","2022-03-01 00:00:00","reactjs","8741","152677","5.72515834081","363353"
"2022","3","2022-03-01 00:00:00","ruby-on-rails","754","152677","0.493853036148","330100"
"2022","3","2022-03-01 00:00:00","spring","1353","152677","0.88618455956","192423"
"2022","3","2022-03-01 00:00:00","vue.js","1473","152677","0.964781859743","89407"
"2022","4","2022-04-01 00:00:00","angular","2328","141447","1.64584614732","271799"
"2022","4","2022-04-01 00:00:00","django","2320","141447","1.640190318635","284832"
"2022","4","2022-04-01 00:00:00","express","927","141447","0.655369148868","83563"
"2022","4","2022-04-01 00:00:00","laravel","1679","141447","1.187017045253","188738"
"2022","4","2022-04-01 00:00:00","reactjs","8834","141447","6.245448825355","372187"
"2022","4","2022-04-01 00:00:00","ruby-on-rails","664","141447","0.46943378085","330764"
"2022","4","2022-04-01 00:00:00","spring","1300","141447","0.919072161304","193723"
"2022","4","2022-04-01 00:00:00","vue.js","1403","141447","0.991890955622","90810"
"2022","5","2022-05-01 00:00:00","angular","2496","144865","1.722983467366","274295"
"2022","5","2022-05-01 00:00:00","django","2473","144865","1.707106616505","287305"
"2022","5","2022-05-01 00:00:00","express","1005","144865","0.693749352845","84568"
"2022","5","2022-05-01 00:00:00","laravel","1756","144865","1.212163048355","190494"
"2022","5","2022-05-01 00:00:00","reactjs","8877","144865","6.127774134539","381064"
"2022","5","2022-05-01 00:00:00","ruby-on-rails","669","144865","0.4618092707","331433"
"2022","5","2022-05-01 00:00:00","spring","1219","144865","0.84147309564","194942"
"2022","5","2022-05-01 00:00:00","vue.js","1371","144865","0.946398370897","92181"
"2022","6","2022-06-01 00:00:00","angular","2500","139474","1.792448771814","276795"
"2022","6","2022-06-01 00:00:00","django","2246","139474","1.610335976597","289551"
"2022","6","2022-06-01 00:00:00","express","907","139474","0.650300414414","85475"
"2022","6","2022-06-01 00:00:00","laravel","1785","139474","1.279808423075","192279"
"2022","6","2022-06-01 00:00:00","reactjs","8415","139474","6.033382565926","389479"
"2022","6","2022-06-01 00:00:00","ruby-on-rails","623","139474","0.446678233936","332056"
"2022","6","2022-06-01 00:00:00","spring","1286","139474","0.922035648221","196228"
"2022","6","2022-06-01 00:00:00","vue.js","1340","139474","0.960752541692","93521"
"2022","7","2022-07-01 00:00:00","angular","2335","138133","1.690399832045","279130"
"2022","7","2022-07-01 00:00:00","django","2504","138133","1.812745687127","292055"
"2022","7","2022-07-01 00:00:00","express","953","138133","0.689914792265","86428"
"2022","7","2022-07-01 00:00:00","laravel","1728","138133","1.250968269711","194007"
"2022","7","2022-07-01 00:00:00","reactjs","8564","138133","6.199821910767","398043"
"2022","7","2022-07-01 00:00:00","ruby-on-rails","647","138133","0.46838916117","332703"
"2022","7","2022-07-01 00:00:00","spring","1260","138133","0.91216436333","197488"
"2022","7","2022-07-01 00:00:00","vue.js","1230","138133","0.890446164204","94751"
"2022","8","2022-08-01 00:00:00","angular","2340","141378","1.655137291516","281470"
"2022","8","2022-08-01 00:00:00","django","2411","141378","1.705357269164","294466"
"2022","8","2022-08-01 00:00:00","express","1051","141378","0.743397133924","87479"
"2022","8","2022-08-01 00:00:00","laravel","1691","141378","1.19608425639","195698"
"2022","8","2022-08-01 00:00:00","reactjs","8455","141378","5.980421281953","406498"
"2022","8","2022-08-01 00:00:00","ruby-on-rails","662","141378","0.4682482423","333365"
"2022","8","2022-08-01 00:00:00","spring","1241","141378","0.877788623406","198729"
"2022","8","2022-08-01 00:00:00","vue.js","1257","141378","0.889105801468","96008"
"2022","9","2022-09-01 00:00:00","angular","2171","132020","1.644447810937","283641"
"2022","9","2022-09-01 00:00:00","django","2260","132020","1.711861839115","296726"
"2022","9","2022-09-01 00:00:00","express","837","132020","0.633994849265","88316"
"2022","9","2022-09-01 00:00:00","laravel","1663","132020","1.259657627632","197361"
"2022","9","2022-09-01 00:00:00","reactjs","7929","132020","6.005908195727","414427"
"2022","9","2022-09-01 00:00:00","ruby-on-rails","660","132020","0.4999242539","334025"
"2022","9","2022-09-01 00:00:00","spring","1133","132020","0.858203302529","199862"
"2022","9","2022-09-01 00:00:00","vue.js","1307","132020","0.990001514921","97315"
"2022","10","2022-10-01 00:00:00","angular","2177","144172","1.510001942124","285818"
"2022","10","2022-10-01 00:00:00","django","2246","144172","1.557861443276","298972"
"2022","10","2022-10-01 00:00:00","express","965","144172","0.66933940016","89281"
"2022","10","2022-10-01 00:00:00","laravel","1743","144172","1.208972616041","199104"
"2022","10","2022-10-01 00:00:00","reactjs","8141","144172","5.646727519906","422568"
"2022","10","2022-10-01 00:00:00","ruby-on-rails","614","144172","0.425880198651","334639"
"2022","10","2022-10-01 00:00:00","spring","1271","144172","0.881585883528","201133"
"2022","10","2022-10-01 00:00:00","vue.js","1289","144172","0.894070970784","98604"
"2022","11","2022-11-01 00:00:00","angular","1007","68830","1.463024843818","286825"
"2022","11","2022-11-01 00:00:00","django","1017","68830","1.477553392416","299989"
"2022","11","2022-11-01 00:00:00","express","463","68830","0.672671800087","89744"
"2022","11","2022-11-01 00:00:00","laravel","751","68830","1.091093999709","199855"
"2022","11","2022-11-01 00:00:00","reactjs","3773","68830","5.481621386023","426341"
"2022","11","2022-11-01 00:00:00","ruby-on-rails","316","68830","0.459102135696","334955"
"2022","11","2022-11-01 00:00:00","spring","531","68830","0.771465930553","201664"
"2022","11","2022-11-01 00:00:00","vue.js","547","68830","0.79471160831","99151"
