,date,language,count
0,2008-01,Ruby,32
1,2008-01,JavaScript,9
2,2008-01,C,2
3,2008-01,ActionScript,1
4,2008-01,Erlang,1
5,2008-01,Others,2
6,2008-02,Ruby,179
7,2008-02,JavaScript,24
8,2008-02,C,13
9,2008-02,Python,12
10,2008-02,PHP,7
11,2008-02,Lua,5
12,2008-02,Objective-C,5
13,2008-02,Common Lisp,3
14,2008-02,Io,3
15,2008-02,Java,3
16,2008-02,Others,45
17,2008-03,Ruby,377
18,2008-03,JavaScript,59
19,2008-03,Python,47
20,2008-03,C,37
21,2008-03,C++,19
22,2008-03,PHP,16
23,2008-03,Java,13
24,2008-03,Objective-C,12
25,2008-03,Perl,12
26,2008-03,Emacs Lisp,10
27,2008-03,Others,106
28,2008-04,Ruby,605
29,2008-04,JavaScript,100
30,2008-04,Python,75
31,2008-04,C,52
32,2008-04,PHP,44
33,2008-04,C++,34
34,2008-04,Perl,25
35,2008-04,Java,22
36,2008-04,Objective-C,21
37,2008-04,Emacs Lisp,14
38,2008-04,Others,249
39,2008-05,Ruby,702
40,2008-05,JavaScript,118
41,2008-05,Python,84
42,2008-05,C,64
43,2008-05,C++,41
44,2008-05,PHP,41
45,2008-05,Perl,41
46,2008-05,Shell,33
47,2008-05,Java,29
48,2008-05,Vim Script,23
49,2008-05,Others,263
50,2008-06,Ruby,801
51,2008-06,JavaScript,152
52,2008-06,Python,84
53,2008-06,C,75
54,2008-06,PHP,43
55,2008-06,Java,39
56,2008-06,C++,36
57,2008-06,Perl,28
58,2008-06,Shell,25
59,2008-06,Emacs Lisp,22
60,2008-06,Others,280
61,2008-07,Ruby,711
62,2008-07,JavaScript,156
63,2008-07,Python,100
64,2008-07,PHP,76
65,2008-07,C,61
66,2008-07,Perl,45
67,2008-07,Java,38
68,2008-07,Shell,30
69,2008-07,C++,27
70,2008-07,Objective-C,26
71,2008-07,Others,408
72,2008-08,Ruby,727
73,2008-08,JavaScript,185
74,2008-08,Python,140
75,2008-08,C,97
76,2008-08,PHP,85
77,2008-08,Perl,74
78,2008-08,Java,58
79,2008-08,C++,44
80,2008-08,Objective-C,43
81,2008-08,Shell,38
82,2008-08,Others,501
83,2008-09,Ruby,736
84,2008-09,JavaScript,225
85,2008-09,Python,168
86,2008-09,C,83
87,2008-09,PHP,74
88,2008-09,C++,73
89,2008-09,Java,53
90,2008-09,Perl,51
91,2008-09,Shell,34
92,2008-09,Emacs Lisp,31
93,2008-09,Others,764
94,2008-10,Ruby,787
95,2008-10,JavaScript,236
96,2008-10,Python,167
97,2008-10,C,124
98,2008-10,Java,98
99,2008-10,PHP,86
100,2008-10,Perl,68
101,2008-10,C++,56
102,2008-10,Objective-C,45
103,2008-10,Vim Script,33
104,2008-10,Others,964
105,2008-11,Ruby,872
106,2008-11,Perl,238
107,2008-11,JavaScript,232
108,2008-11,Python,222
109,2008-11,C,105
110,2008-11,PHP,98
111,2008-11,Java,92
112,2008-11,C++,78
113,2008-11,Vim Script,37
114,2008-11,Objective-C,36
115,2008-11,Others,992
116,2008-12,Ruby,986
117,2008-12,JavaScript,351
118,2008-12,Python,300
119,2008-12,C,162
120,2008-12,PHP,150
121,2008-12,Perl,136
122,2008-12,Java,110
123,2008-12,C++,99
124,2008-12,HTML,74
125,2008-12,Objective-C,59
126,2008-12,Others,1567
127,2009-01,Ruby,1121
128,2009-01,JavaScript,383
129,2009-01,Python,360
130,2009-01,Perl,357
131,2009-01,C,227
132,2009-01,PHP,191
133,2009-01,C++,138
134,2009-01,Java,118
135,2009-01,Objective-C,87
136,2009-01,Shell,65
137,2009-01,Others,1906
138,2009-02,Ruby,1232
139,2009-02,Python,476
140,2009-02,JavaScript,431
141,2009-02,Perl,259
142,2009-02,C,220
143,2009-02,PHP,198
144,2009-02,Java,179
145,2009-02,C++,138
146,2009-02,Objective-C,100
147,2009-02,Shell,75
148,2009-02,Others,1991
149,2009-03,Ruby,1445
150,2009-03,JavaScript,534
151,2009-03,Python,525
152,2009-03,Perl,458
153,2009-03,PHP,289
154,2009-03,C,286
155,2009-03,Java,247
156,2009-03,C++,213
157,2009-03,Objective-C,100
158,2009-03,Shell,78
159,2009-03,Others,1716
160,2009-04,Ruby,1131
161,2009-04,JavaScript,487
162,2009-04,Python,445
163,2009-04,Perl,429
164,2009-04,C,261
165,2009-04,PHP,256
166,2009-04,Java,229
167,2009-04,C++,140
168,2009-04,Objective-C,113
169,2009-04,Shell,85
170,2009-04,Others,2484
171,2009-05,Ruby,1470
172,2009-05,JavaScript,584
173,2009-05,Python,516
174,2009-05,Perl,394
175,2009-05,C,367
176,2009-05,PHP,365
177,2009-05,Java,356
178,2009-05,C++,211
179,2009-05,Objective-C,109
180,2009-05,C#,107
181,2009-05,Others,1999
182,2009-06,Ruby,1374
183,2009-06,Python,531
184,2009-06,JavaScript,517
185,2009-06,Perl,376
186,2009-06,PHP,303
187,2009-06,C,290
188,2009-06,Java,287
189,2009-06,C++,183
190,2009-06,Objective-C,110
191,2009-06,Shell,104
192,2009-06,Others,1856
193,2009-07,Ruby,1341
194,2009-07,Python,628
195,2009-07,JavaScript,558
196,2009-07,Java,441
197,2009-07,Perl,406
198,2009-07,PHP,344
199,2009-07,C,294
200,2009-07,C++,155
201,2009-07,Objective-C,137
202,2009-07,C#,89
203,2009-07,Others,2005
204,2009-08,Ruby,1307
205,2009-08,Python,629
206,2009-08,JavaScript,526
207,2009-08,Perl,335
208,2009-08,PHP,327
209,2009-08,C,323
210,2009-08,Java,253
211,2009-08,C++,206
212,2009-08,Objective-C,141
213,2009-08,Shell,123
214,2009-08,Others,2312
215,2009-09,Ruby,1363
216,2009-09,JavaScript,702
217,2009-09,Python,695
218,2009-09,Perl,375
219,2009-09,PHP,356
220,2009-09,Java,347
221,2009-09,C,340
222,2009-09,C++,233
223,2009-09,Objective-C,195
224,2009-09,Shell,141
225,2009-09,Others,2345
226,2009-10,Ruby,1472
227,2009-10,JavaScript,762
228,2009-10,Python,755
229,2009-10,PHP,394
230,2009-10,C,373
231,2009-10,Java,372
232,2009-10,Perl,350
233,2009-10,C++,262
234,2009-10,Objective-C,169
235,2009-10,C#,158
236,2009-10,Others,2958
237,2009-11,Ruby,1456
238,2009-11,JavaScript,802
239,2009-11,Python,748
240,2009-11,PHP,438
241,2009-11,Java,436
242,2009-11,C,365
243,2009-11,Perl,338
244,2009-11,C++,274
245,2009-11,Shell,158
246,2009-11,Objective-C,153
247,2009-11,Others,3426
248,2009-12,Ruby,1459
249,2009-12,JavaScript,960
250,2009-12,Python,740
251,2009-12,PHP,535
252,2009-12,Perl,408
253,2009-12,C,392
254,2009-12,Java,389
255,2009-12,Emacs Lisp,309
256,2009-12,C++,293
257,2009-12,Objective-C,167
258,2009-12,Others,3170
259,2010-01,Ruby,1726
260,2010-01,JavaScript,1172
261,2010-01,Python,1011
262,2010-01,PHP,690
263,2010-01,Java,571
264,2010-01,C,530
265,2010-01,C++,362
266,2010-01,Perl,339
267,2010-01,C#,249
268,2010-01,Objective-C,208
269,2010-01,Others,3617
270,2010-02,Ruby,1672
271,2010-02,JavaScript,1239
272,2010-02,Python,943
273,2010-02,PHP,708
274,2010-02,Java,630
275,2010-02,C,478
276,2010-02,Emacs Lisp,415
277,2010-02,Perl,348
278,2010-02,C++,341
279,2010-02,Objective-C,209
280,2010-02,Others,3826
281,2010-03,Ruby,2029
282,2010-03,JavaScript,1344
283,2010-03,Python,1064
284,2010-03,PHP,836
285,2010-03,Java,756
286,2010-03,C,575
287,2010-03,C++,496
288,2010-03,Perl,448
289,2010-03,C#,247
290,2010-03,Objective-C,235
291,2010-03,Others,4966
292,2010-04,Ruby,1899
293,2010-04,JavaScript,1287
294,2010-04,Python,1111
295,2010-04,Java,810
296,2010-04,PHP,785
297,2010-04,C,562
298,2010-04,Perl,436
299,2010-04,C++,420
300,2010-04,Objective-C,267
301,2010-04,Shell,242
302,2010-04,Others,4141
303,2010-05,Ruby,1978
304,2010-05,JavaScript,1342
305,2010-05,Python,1091
306,2010-05,Java,857
307,2010-05,PHP,853
308,2010-05,C,657
309,2010-05,C++,444
310,2010-05,Perl,399
311,2010-05,C#,253
312,2010-05,Objective-C,229
313,2010-05,Others,4303
314,2010-06,Ruby,1956
315,2010-06,JavaScript,1422
316,2010-06,Python,1152
317,2010-06,PHP,973
318,2010-06,Java,779
319,2010-06,C,611
320,2010-06,Perl,396
321,2010-06,C++,392
322,2010-06,Objective-C,228
323,2010-06,C#,224
324,2010-06,Others,4610
325,2010-07,Ruby,2188
326,2010-07,JavaScript,1570
327,2010-07,Python,1234
328,2010-07,PHP,998
329,2010-07,Java,877
330,2010-07,C,642
331,2010-07,C++,408
332,2010-07,Perl,375
333,2010-07,C#,369
334,2010-07,Objective-C,265
335,2010-07,Others,4970
336,2010-08,Ruby,2265
337,2010-08,JavaScript,1770
338,2010-08,Python,1479
339,2010-08,PHP,1058
340,2010-08,Java,999
341,2010-08,C,792
342,2010-08,C++,438
343,2010-08,Perl,412
344,2010-08,C#,319
345,2010-08,Objective-C,312
346,2010-08,Others,5745
347,2010-09,Ruby,2603
348,2010-09,JavaScript,2023
349,2010-09,Python,1493
350,2010-09,Java,1187
351,2010-09,PHP,1115
352,2010-09,C,804
353,2010-09,C++,506
354,2010-09,Perl,444
355,2010-09,Shell,316
356,2010-09,Objective-C,308
357,2010-09,Others,6678
358,2010-10,Vim Script,3133
359,2010-10,Ruby,2888
360,2010-10,JavaScript,2276
361,2010-10,Python,1671
362,2010-10,Java,1413
363,2010-10,PHP,1365
364,2010-10,C,1009
365,2010-10,C++,639
366,2010-10,Perl,472
367,2010-10,Shell,395
368,2010-10,Others,7631
369,2010-11,Ruby,3048
370,2010-11,JavaScript,2422
371,2010-11,Python,1849
372,2010-11,Java,1655
373,2010-11,PHP,1449
374,2010-11,C,1030
375,2010-11,C++,718
376,2010-11,Vim Script,601
377,2010-11,Perl,458
378,2010-11,C#,420
379,2010-11,Others,8449
380,2010-12,Ruby,2999
381,2010-12,JavaScript,2174
382,2010-12,Java,1903
383,2010-12,Python,1899
384,2010-12,PHP,1353
385,2010-12,C,1007
386,2010-12,C++,650
387,2010-12,Perl,532
388,2010-12,Shell,384
389,2010-12,Objective-C,371
390,2010-12,Others,7761
391,2011-01,Ruby,3660
392,2011-01,JavaScript,2654
393,2011-01,Python,1962
394,2011-01,Java,1944
395,2011-01,PHP,1760
396,2011-01,C,1309
397,2011-01,Perl,957
398,2011-01,C++,835
399,2011-01,Objective-C,492
400,2011-01,C#,465
401,2011-01,Others,9539
402,2011-02,Ruby,4086
403,2011-02,JavaScript,3079
404,2011-02,Java,2260
405,2011-02,Python,2248
406,2011-02,PHP,1845
407,2011-02,C,1309
408,2011-02,C++,834
409,2011-02,Shell,579
410,2011-02,Perl,559
411,2011-02,C#,530
412,2011-02,Others,10385
413,2011-03,Ruby,4312
414,2011-03,JavaScript,3680
415,2011-03,Java,2762
416,2011-03,Python,2610
417,2011-03,PHP,2182
418,2011-03,C,1474
419,2011-03,C++,1039
420,2011-03,Objective-C,639
421,2011-03,C#,638
422,2011-03,Perl,605
423,2011-03,Others,11449
424,2011-04,Ruby,4202
425,2011-04,JavaScript,3712
426,2011-04,Java,2943
427,2011-04,Python,2688
428,2011-04,PHP,2306
429,2011-04,C,1476
430,2011-04,C++,1102
431,2011-04,Objective-C,647
432,2011-04,C#,641
433,2011-04,Shell,583
434,2011-04,Others,11792
435,2011-05,Ruby,4801
436,2011-05,JavaScript,4005
437,2011-05,Java,3063
438,2011-05,Python,2680
439,2011-05,PHP,2319
440,2011-05,C,1429
441,2011-05,C++,1128
442,2011-05,Objective-C,705
443,2011-05,C#,673
444,2011-05,Shell,660
445,2011-05,Others,12297
446,2011-06,Ruby,4643
447,2011-06,JavaScript,4004
448,2011-06,Java,3065
449,2011-06,Python,2842
450,2011-06,PHP,2485
451,2011-06,C,1347
452,2011-06,C++,1270
453,2011-06,Objective-C,874
454,2011-06,Shell,767
455,2011-06,Perl,708
456,2011-06,Others,13833
457,2011-07,Ruby,4586
458,2011-07,JavaScript,4255
459,2011-07,Python,3115
460,2011-07,Java,3065
461,2011-07,PHP,2472
462,2011-07,C,1364
463,2011-07,C++,1259
464,2011-07,Objective-C,836
465,2011-07,Shell,815
466,2011-07,C#,719
467,2011-07,Others,13392
468,2011-08,Ruby,4833
469,2011-08,JavaScript,4744
470,2011-08,Java,3355
471,2011-08,Python,3219
472,2011-08,PHP,2867
473,2011-08,C,1543
474,2011-08,C++,1475
475,2011-08,Shell,879
476,2011-08,Objective-C,794
477,2011-08,C#,768
478,2011-08,Others,14334
479,2011-09,Ruby,5322
480,2011-09,JavaScript,5112
481,2011-09,Java,3915
482,2011-09,Python,3585
483,2011-09,PHP,2945
484,2011-09,C,1843
485,2011-09,C++,1538
486,2011-09,Shell,1000
487,2011-09,C#,870
488,2011-09,Objective-C,848
489,2011-09,Others,16280
490,2011-10,Ruby,5255
491,2011-10,JavaScript,5116
492,2011-10,Java,4043
493,2011-10,Python,3533
494,2011-10,PHP,3061
495,2011-10,C,1805
496,2011-10,C++,1667
497,2011-10,Shell,981
498,2011-10,C#,888
499,2011-10,Objective-C,828
500,2011-10,Others,16745
501,2011-11,Ruby,5530
502,2011-11,JavaScript,5357
503,2011-11,Java,4484
504,2011-11,Python,3616
505,2011-11,PHP,3373
506,2011-11,C,1930
507,2011-11,C++,1686
508,2011-11,Shell,1064
509,2011-11,Objective-C,974
510,2011-11,C#,933
511,2011-11,Others,17945
512,2011-12,JavaScript,5597
513,2011-12,Ruby,5253
514,2011-12,Java,4159
515,2011-12,Python,3588
516,2011-12,PHP,3142
517,2011-12,C,2068
518,2011-12,C++,1570
519,2011-12,Shell,1071
520,2011-12,Objective-C,1014
521,2011-12,C#,954
522,2011-12,Others,17223
523,2012-01,JavaScript,6791
524,2012-01,Ruby,6412
525,2012-01,Java,4941
526,2012-01,Python,4155
527,2012-01,PHP,3708
528,2012-01,C,2165
529,2012-01,C++,1998
530,2012-01,Shell,1218
531,2012-01,C#,1177
532,2012-01,Objective-C,1071
533,2012-01,Others,21093
534,2012-02,JavaScript,7903
535,2012-02,Ruby,7563
536,2012-02,Java,5617
537,2012-02,Python,4657
538,2012-02,PHP,4200
539,2012-02,C,2362
540,2012-02,C++,2277
541,2012-02,C#,1357
542,2012-02,Objective-C,1340
543,2012-02,Shell,1305
544,2012-02,Others,23816
545,2012-03,JavaScript,8838
546,2012-03,Ruby,7993
547,2012-03,Java,6587
548,2012-03,Python,5264
549,2012-03,PHP,4373
550,2012-03,C,2573
551,2012-03,C++,2484
552,2012-03,C#,1503
553,2012-03,Objective-C,1493
554,2012-03,Shell,1397
555,2012-03,Others,26652
556,2012-04,JavaScript,9115
557,2012-04,Ruby,7372
558,2012-04,Java,6706
559,2012-04,Python,5101
560,2012-04,PHP,4637
561,2012-04,C,2694
562,2012-04,C++,2597
563,2012-04,C#,1564
564,2012-04,Shell,1500
565,2012-04,Objective-C,1456
566,2012-04,Others,26497
567,2012-05,JavaScript,9698
568,2012-05,Ruby,7938
569,2012-05,Java,6529
570,2012-05,Python,5142
571,2012-05,PHP,4565
572,2012-05,C++,2608
573,2012-05,C,2605
574,2012-05,C#,1704
575,2012-05,Objective-C,1660
576,2012-05,Shell,1511
577,2012-05,Others,28021
578,2012-06,JavaScript,9807
579,2012-06,Ruby,7631
580,2012-06,Java,6283
581,2012-06,PHP,5216
582,2012-06,Python,5106
583,2012-06,C,2666
584,2012-06,C++,2504
585,2012-06,C#,1786
586,2012-06,Objective-C,1666
587,2012-06,Shell,1421
588,2012-06,Others,28917
589,2012-07,JavaScript,10117
590,2012-07,Ruby,7963
591,2012-07,Java,6964
592,2012-07,Python,5572
593,2012-07,PHP,5052
594,2012-07,C,2846
595,2012-07,C++,2556
596,2012-07,Shell,2256
597,2012-07,Objective-C,1918
598,2012-07,C#,1829
599,2012-07,Others,58874
600,2012-08,JavaScript,11579
601,2012-08,Ruby,7960
602,2012-08,Java,7832
603,2012-08,Python,5863
604,2012-08,PHP,5279
605,2012-08,C,2874
606,2012-08,C++,2709
607,2012-08,C#,1978
608,2012-08,Objective-C,1963
609,2012-08,Shell,1823
610,2012-08,Others,35599
611,2012-09,JavaScript,11825
612,2012-09,Java,8467
613,2012-09,Ruby,8103
614,2012-09,Python,6088
615,2012-09,PHP,5648
616,2012-09,C,3149
617,2012-09,C++,3149
618,2012-09,C#,2108
619,2012-09,Objective-C,1913
620,2012-09,Shell,1705
621,2012-09,Others,38489
622,2012-10,JavaScript,13764
623,2012-10,Java,10515
624,2012-10,Ruby,9608
625,2012-10,Python,6790
626,2012-10,PHP,6449
627,2012-10,C,3553
628,2012-10,C++,3540
629,2012-10,C#,2542
630,2012-10,Objective-C,2319
631,2012-10,Shell,2038
632,2012-10,Others,45062
633,2012-11,JavaScript,14224
634,2012-11,Java,10761
635,2012-11,Ruby,9428
636,2012-11,Python,7008
637,2012-11,PHP,6829
638,2012-11,C++,3724
639,2012-11,C,3612
640,2012-11,C#,2531
641,2012-11,Objective-C,2412
642,2012-11,Shell,2031
643,2012-11,Others,48951
644,2012-12,JavaScript,13119
645,2012-12,Java,9577
646,2012-12,Ruby,8967
647,2012-12,Python,6551
648,2012-12,PHP,5901
649,2012-12,C,3599
650,2012-12,C++,3527
651,2012-12,Objective-C,2271
652,2012-12,C#,2269
653,2012-12,Shell,1976
654,2012-12,Others,43964
655,2013-01,JavaScript,17217
656,2013-01,Java,11703
657,2013-01,Ruby,10590
658,2013-01,Python,8393
659,2013-01,PHP,7816
660,2013-01,C++,4477
661,2013-01,C,4448
662,2013-01,Objective-C,2996
663,2013-01,C#,2884
664,2013-01,Shell,2487
665,2013-01,Others,59109
666,2013-02,JavaScript,18086
667,2013-02,Java,12308
668,2013-02,Ruby,10760
669,2013-02,Python,8577
670,2013-02,PHP,7787
671,2013-02,C++,4276
672,2013-02,C,4166
673,2013-02,C#,3115
674,2013-02,Objective-C,3042
675,2013-02,Shell,2471
676,2013-02,Others,58093
677,2013-03,JavaScript,20681
678,2013-03,Java,14532
679,2013-03,Ruby,13467
680,2013-03,Python,10073
681,2013-03,PHP,8570
682,2013-03,C,5351
683,2013-03,C++,5268
684,2013-03,C#,3594
685,2013-03,Objective-C,3401
686,2013-03,Shell,2695
687,2013-03,Others,69959
688,2013-04,JavaScript,21420
689,2013-04,Java,15260
690,2013-04,Ruby,12673
691,2013-04,Python,9962
692,2013-04,PHP,8762
693,2013-04,C++,5408
694,2013-04,C,5224
695,2013-04,C#,3774
696,2013-04,Objective-C,3273
697,2013-04,Shell,2712
698,2013-04,Others,71204
699,2013-05,JavaScript,21710
700,2013-05,Java,14102
701,2013-05,Ruby,12490
702,2013-05,Python,9733
703,2013-05,PHP,9503
704,2013-05,C++,5371
705,2013-05,C,5025
706,2013-05,C#,3795
707,2013-05,Objective-C,3233
708,2013-05,Shell,2756
709,2013-05,Others,67941
710,2013-06,JavaScript,21168
711,2013-06,Java,13196
712,2013-06,Ruby,12781
713,2013-06,Python,9365
714,2013-06,PHP,7986
715,2013-06,C++,5925
716,2013-06,C,4693
717,2013-06,C#,3375
718,2013-06,Objective-C,3167
719,2013-06,Shell,2876
720,2013-06,Others,62013
721,2013-07,JavaScript,23471
722,2013-07,Ruby,14227
723,2013-07,Java,13085
724,2013-07,Python,10252
725,2013-07,PHP,8921
726,2013-07,C++,5124
727,2013-07,C,4511
728,2013-07,CSS,3997
729,2013-07,C#,3496
730,2013-07,Objective-C,3282
731,2013-07,Others,70239
732,2013-08,JavaScript,19703
733,2013-08,Java,13443
734,2013-08,Ruby,12858
735,2013-08,Python,9452
736,2013-08,CSS,8440
737,2013-08,PHP,8295
738,2013-08,C++,4926
739,2013-08,C,4816
740,2013-08,C#,3577
741,2013-08,Objective-C,3400
742,2013-08,Others,64725
743,2013-09,JavaScript,21134
744,2013-09,Java,16172
745,2013-09,Ruby,12798
746,2013-09,Python,10406
747,2013-09,CSS,9132
748,2013-09,PHP,8937
749,2013-09,C++,5611
750,2013-09,C,5043
751,2013-09,C#,3865
752,2013-09,Objective-C,3376
753,2013-09,Others,70340
754,2013-10,JavaScript,23875
755,2013-10,Java,19071
756,2013-10,Ruby,14738
757,2013-10,Python,11914
758,2013-10,CSS,11267
759,2013-10,PHP,10113
760,2013-10,C++,6481
761,2013-10,C,6135
762,2013-10,C#,4454
763,2013-10,Objective-C,4159
764,2013-10,Others,80144
765,2013-11,JavaScript,23727
766,2013-11,Java,19172
767,2013-11,Ruby,14364
768,2013-11,Python,11308
769,2013-11,CSS,10302
770,2013-11,PHP,9468
771,2013-11,C++,6968
772,2013-11,C,6034
773,2013-11,C#,4512
774,2013-11,Objective-C,4136
775,2013-11,Others,81326
776,2013-12,JavaScript,22778
777,2013-12,Java,16989
778,2013-12,Ruby,12529
779,2013-12,Python,10638
780,2013-12,CSS,9104
781,2013-12,PHP,8979
782,2013-12,C++,6178
783,2013-12,C,5712
784,2013-12,C#,4162
785,2013-12,Objective-C,3746
786,2013-12,Others,74544
787,2014-01,JavaScript,28048
788,2014-01,Java,20371
789,2014-01,Ruby,14358
790,2014-01,Python,12863
791,2014-01,PHP,11299
792,2014-01,CSS,11195
793,2014-01,C++,7266
794,2014-01,C,6450
795,2014-01,Objective-C,5520
796,2014-01,C#,5139
797,2014-01,Others,89546
798,2014-02,JavaScript,28984
799,2014-02,Java,22657
800,2014-02,Ruby,14411
801,2014-02,Python,13898
802,2014-02,CSS,11658
803,2014-02,PHP,10865
804,2014-02,C++,7380
805,2014-02,C,6407
806,2014-02,C#,4957
807,2014-02,Objective-C,4881
808,2014-02,Others,91369
809,2014-03,JavaScript,32585
810,2014-03,Java,26691
811,2014-03,Ruby,15962
812,2014-03,Python,15817
813,2014-03,CSS,12950
814,2014-03,PHP,12472
815,2014-03,C++,8760
816,2014-03,C,7916
817,2014-03,C#,6278
818,2014-03,R,6085
819,2014-03,Others,108475
820,2014-04,JavaScript,32241
821,2014-04,Java,25994
822,2014-04,Ruby,14994
823,2014-04,Python,14926
824,2014-04,CSS,12611
825,2014-04,PHP,11667
826,2014-04,C++,8500
827,2014-04,C,7349
828,2014-04,C#,5938
829,2014-04,Objective-C,5305
830,2014-04,Others,121314
831,2014-05,JavaScript,32935
832,2014-05,Java,25760
833,2014-05,Ruby,14960
834,2014-05,Python,14887
835,2014-05,CSS,12684
836,2014-05,PHP,12086
837,2014-05,C++,8177
838,2014-05,C,7020
839,2014-05,C#,6250
840,2014-05,Objective-C,5618
841,2014-05,Others,117547
842,2014-06,JavaScript,31109
843,2014-06,Java,22617
844,2014-06,Ruby,14526
845,2014-06,Python,14371
846,2014-06,CSS,12282
847,2014-06,PHP,11366
848,2014-06,C++,7470
849,2014-06,C,6151
850,2014-06,C#,5687
851,2014-06,Objective-C,4873
852,2014-06,Others,115505
853,2014-07,JavaScript,35751
854,2014-07,Java,24626
855,2014-07,HTML,20466
856,2014-07,Ruby,16417
857,2014-07,Python,15824
858,2014-07,CSS,13898
859,2014-07,PHP,13025
860,2014-07,C++,7880
861,2014-07,C,6410
862,2014-07,C#,6266
863,2014-07,Others,120805
864,2014-08,JavaScript,35005
865,2014-08,Java,24288
866,2014-08,HTML,22784
867,2014-08,Ruby,15778
868,2014-08,Python,15454
869,2014-08,CSS,13657
870,2014-08,PHP,12838
871,2014-08,C++,8360
872,2014-08,C#,6340
873,2014-08,C,6247
874,2014-08,Others,114811
875,2014-09,JavaScript,36852
876,2014-09,Java,31480
877,2014-09,Python,17153
878,2014-09,CSS,16740
879,2014-09,Ruby,15306
880,2014-09,PHP,13670
881,2014-09,C++,9489
882,2014-09,C#,7802
883,2014-09,C,7768
884,2014-09,Shell,5859
885,2014-09,Others,127103
886,2014-10,JavaScript,42169
887,2014-10,Java,35803
888,2014-10,Perl,34664
889,2014-10,Python,21231
890,2014-10,CSS,17644
891,2014-10,Ruby,16379
892,2014-10,PHP,15333
893,2014-10,C++,11038
894,2014-10,C,10055
895,2014-10,C#,8806
896,2014-10,Others,152211
897,2014-11,JavaScript,41059
898,2014-11,Java,36677
899,2014-11,Python,19598
900,2014-11,CSS,16921
901,2014-11,Ruby,15264
902,2014-11,PHP,15164
903,2014-11,C++,11012
904,2014-11,C#,9121
905,2014-11,C,8951
906,2014-11,Shell,5997
907,2014-11,Others,136927
908,2014-12,JavaScript,38331
909,2014-12,Java,31771
910,2014-12,Python,17765
911,2014-12,CSS,14588
912,2014-12,Ruby,13967
913,2014-12,PHP,13910
914,2014-12,C++,9820
915,2014-12,C#,8358
916,2014-12,C,8060
917,2014-12,HTML,5703
918,2014-12,Others,163784
919,2015-01,JavaScript,45776
920,2015-01,Java,37563
921,2015-01,PHP,22860
922,2015-01,Python,21157
923,2015-01,CSS,18645
924,2015-01,Ruby,16553
925,2015-01,C++,10927
926,2015-01,C#,10163
927,2015-01,C,8877
928,2015-01,HTML,8739
929,2015-01,Others,190773
930,2015-02,JavaScript,44134
931,2015-02,Java,37248
932,2015-02,Python,21042
933,2015-02,HTML,18482
934,2015-02,Ruby,17378
935,2015-02,PHP,16655
936,2015-02,CSS,15039
937,2015-02,C++,11047
938,2015-02,C#,9962
939,2015-02,C,8953
940,2015-02,Others,152290
941,2015-03,Java,63316
942,2015-03,JavaScript,52962
943,2015-03,HTML,33344
944,2015-03,Python,28954
945,2015-03,PHP,22602
946,2015-03,C++,19924
947,2015-03,Ruby,18112
948,2015-03,C#,16387
949,2015-03,C,15215
950,2015-03,CSS,14770
951,2015-03,Others,189571
952,2015-04,Java,54692
953,2015-04,JavaScript,50105
954,2015-04,HTML,31486
955,2015-04,Python,25950
956,2015-04,PHP,19447
957,2015-04,Ruby,17616
958,2015-04,C++,16440
959,2015-04,CSS,14173
960,2015-04,C#,13783
961,2015-04,C,13211
962,2015-04,Others,176331
963,2015-05,Java,52309
964,2015-05,JavaScript,50710
965,2015-05,HTML,31901
966,2015-05,Python,24907
967,2015-05,PHP,19053
968,2015-05,Ruby,16789
969,2015-05,CSS,14945
970,2015-05,C++,14791
971,2015-05,C#,13574
972,2015-05,C,11415
973,2015-05,Others,173708
974,2015-06,JavaScript,51017
975,2015-06,Java,47434
976,2015-06,HTML,30790
977,2015-06,Python,24357
978,2015-06,PHP,18493
979,2015-06,Ruby,17600
980,2015-06,CSS,14379
981,2015-06,C++,13282
982,2015-06,C#,12380
983,2015-06,C,10569
984,2015-06,Others,174919
985,2015-07,JavaScript,54927
986,2015-07,Java,46015
987,2015-07,HTML,31305
988,2015-07,Python,25017
989,2015-07,PHP,18415
990,2015-07,Ruby,17715
991,2015-07,CSS,14749
992,2015-07,C++,12733
993,2015-07,C#,11929
994,2015-07,C,10095
995,2015-07,Others,200086
996,2015-08,Shell,55063
997,2015-08,JavaScript,52607
998,2015-08,Java,47422
999,2015-08,HTML,33481
1000,2015-08,Python,24940
1001,2015-08,PHP,18668
1002,2015-08,Ruby,17337
1003,2015-08,CSS,14686
1004,2015-08,C++,13147
1005,2015-08,C#,12602
1006,2015-08,Others,183256
1007,2015-09,JavaScript,57796
1008,2015-09,Java,55294
1009,2015-09,HTML,36310
1010,2015-09,Python,27732
1011,2015-09,PHP,18532
1012,2015-09,Ruby,18487
1013,2015-09,CSS,16177
1014,2015-09,C++,15033
1015,2015-09,C#,13987
1016,2015-09,C,11673
1017,2015-09,Others,202617
1018,2015-10,Java,62442
1019,2015-10,JavaScript,61217
1020,2015-10,HTML,40054
1021,2015-10,Python,29974
1022,2015-10,Ruby,20726
1023,2015-10,PHP,20207
1024,2015-10,CSS,17677
1025,2015-10,C++,16362
1026,2015-10,C#,15674
1027,2015-10,C,12844
1028,2015-10,Others,207805
1029,2015-11,Java,62697
1030,2015-11,JavaScript,61562
1031,2015-11,HTML,38254
1032,2015-11,Python,30503
1033,2015-11,PHP,19942
1034,2015-11,CSS,17453
1035,2015-11,Ruby,17250
1036,2015-11,C++,16274
1037,2015-11,C#,15565
1038,2015-11,C,13276
1039,2015-11,Others,204308
1040,2015-12,JavaScript,57815
1041,2015-12,Java,55414
1042,2015-12,HTML,33760
1043,2015-12,Python,28522
1044,2015-12,PHP,17807
1045,2015-12,CSS,16389
1046,2015-12,Ruby,15237
1047,2015-12,C++,14965
1048,2015-12,C#,14370
1049,2015-12,C,11929
1050,2015-12,Others,190762
1051,2016-01,JavaScript,68769
1052,2016-01,Java,60273
1053,2016-01,HTML,43318
1054,2016-01,Python,32353
1055,2016-01,CSS,20259
1056,2016-01,PHP,20245
1057,2016-01,Ruby,17050
1058,2016-01,C#,16470
1059,2016-01,C++,16389
1060,2016-01,C,13041
1061,2016-01,Others,223918
1062,2016-02,JavaScript,75103
1063,2016-02,Java,69041
1064,2016-02,HTML,51662
1065,2016-02,Python,35043
1066,2016-02,PHP,22753
1067,2016-02,CSS,21520
1068,2016-02,Ruby,18607
1069,2016-02,C++,17620
1070,2016-02,C#,17326
1071,2016-02,C,14044
1072,2016-02,Others,259437
1073,2016-03,Java,84480
1074,2016-03,JavaScript,84002
1075,2016-03,HTML,54681
1076,2016-03,Python,39222
1077,2016-03,PHP,24593
1078,2016-03,CSS,24218
1079,2016-03,C++,22350
1080,2016-03,C#,19218
1081,2016-03,Ruby,18362
1082,2016-03,C,16180
1083,2016-03,Others,287928
1084,2016-04,JavaScript,81541
1085,2016-04,Java,81339
1086,2016-04,HTML,52362
1087,2016-04,Python,38612
1088,2016-04,PHP,23822
1089,2016-04,CSS,22487
1090,2016-04,C++,20722
1091,2016-04,C#,19503
1092,2016-04,Ruby,18058
1093,2016-04,C,16201
1094,2016-04,Others,281123
1095,2016-05,JavaScript,80481
1096,2016-05,Java,73726
1097,2016-05,HTML,51626
1098,2016-05,Python,35936
1099,2016-05,CSS,24394
1100,2016-05,PHP,23062
1101,2016-05,Ruby,18332
1102,2016-05,C#,18320
1103,2016-05,C++,18065
1104,2016-05,C,12715
1105,2016-05,Others,272330
1106,2016-06,JavaScript,76868
1107,2016-06,Java,66635
1108,2016-06,HTML,49032
1109,2016-06,Python,33781
1110,2016-06,CSS,22650
1111,2016-06,PHP,21987
1112,2016-06,Ruby,17699
1113,2016-06,C#,17281
1114,2016-06,C++,15658
1115,2016-06,C,11435
1116,2016-06,Others,257403
1117,2016-07,JavaScript,79419
1118,2016-07,Java,66087
1119,2016-07,HTML,50088
1120,2016-07,Python,35215
1121,2016-07,CSS,23188
1122,2016-07,PHP,21200
1123,2016-07,Ruby,17514
1124,2016-07,C#,16659
1125,2016-07,C++,14158
1126,2016-07,C,11418
1127,2016-07,Others,281042
1128,2016-08,JavaScript,85645
1129,2016-08,Java,71837
1130,2016-08,HTML,54376
1131,2016-08,Python,37039
1132,2016-08,CSS,24006
1133,2016-08,PHP,22488
1134,2016-08,Ruby,17691
1135,2016-08,C#,17131
1136,2016-08,C++,15338
1137,2016-08,C,11602
1138,2016-08,Others,309519
1139,2016-09,JavaScript,90662
1140,2016-09,Java,86552
1141,2016-09,HTML,64137
1142,2016-09,Python,41282
1143,2016-09,CSS,25505
1144,2016-09,PHP,25438
1145,2016-09,C#,20710
1146,2016-09,C++,18902
1147,2016-09,Ruby,17365
1148,2016-09,C,14566
1149,2016-09,Others,338752
1150,2016-10,JavaScript,99161
1151,2016-10,Java,94504
1152,2016-10,HTML,68490
1153,2016-10,Python,45915
1154,2016-10,CSS,27414
1155,2016-10,PHP,25727
1156,2016-10,C#,22996
1157,2016-10,C++,21311
1158,2016-10,Ruby,18177
1159,2016-10,C,15440
1160,2016-10,Others,353606
1161,2016-11,JavaScript,98870
1162,2016-11,Java,95927
1163,2016-11,HTML,66126
1164,2016-11,Python,45814
1165,2016-11,CSS,28145
1166,2016-11,PHP,27133
1167,2016-11,C#,23523
1168,2016-11,C++,21567
1169,2016-11,Ruby,18920
1170,2016-11,C,15779
1171,2016-11,Others,347894
1172,2016-12,JavaScript,91520
1173,2016-12,Java,81586
1174,2016-12,HTML,57500
1175,2016-12,Python,42913
1176,2016-12,PHP,24170
1177,2016-12,CSS,24014
1178,2016-12,C#,20987
1179,2016-12,C++,19810
1180,2016-12,Ruby,17015
1181,2016-12,C,14537
1182,2016-12,Others,319869
1183,2017-01,JavaScript,101740
1184,2017-01,Java,84987
1185,2017-01,HTML,72590
1186,2017-01,Python,50145
1187,2017-01,PHP,26087
1188,2017-01,CSS,25213
1189,2017-01,C#,24295
1190,2017-01,C++,19572
1191,2017-01,Ruby,17972
1192,2017-01,C,14187
1193,2017-01,Others,357026
1194,2017-02,JavaScript,108508
1195,2017-02,Java,95527
1196,2017-02,HTML,78600
1197,2017-02,Python,52475
1198,2017-02,PHP,28787
1199,2017-02,CSS,27608
1200,2017-02,C#,25547
1201,2017-02,C++,21588
1202,2017-02,Ruby,19537
1203,2017-02,C,15426
1204,2017-02,Others,375765
1205,2017-03,JavaScript,128343
1206,2017-03,Java,119498
1207,2017-03,HTML,90144
1208,2017-03,Python,60643
1209,2017-03,PHP,33166
1210,2017-03,CSS,32289
1211,2017-03,C#,28797
1212,2017-03,C++,27067
1213,2017-03,Ruby,22175
1214,2017-03,C,18517
1215,2017-03,Others,439569
1216,2017-04,JavaScript,124226
1217,2017-04,Java,103919
1218,2017-04,HTML,81197
1219,2017-04,Python,56469
1220,2017-04,CSS,28979
1221,2017-04,PHP,28523
1222,2017-04,C#,27380
1223,2017-04,C++,24553
1224,2017-04,Ruby,20716
1225,2017-04,C,16842
1226,2017-04,Others,392449
1227,2017-05,JavaScript,117943
1228,2017-05,Java,105775
1229,2017-05,HTML,83319
1230,2017-05,Python,57829
1231,2017-05,PHP,30458
1232,2017-05,CSS,29271
1233,2017-05,C#,28161
1234,2017-05,C++,24039
1235,2017-05,Ruby,20288
1236,2017-05,C,16585
1237,2017-05,Others,413682
1238,2017-06,JavaScript,116508
1239,2017-06,Java,96815
1240,2017-06,HTML,80616
1241,2017-06,Python,55911
1242,2017-06,CSS,28185
1243,2017-06,PHP,28015
1244,2017-06,C#,25290
1245,2017-06,C++,21200
1246,2017-06,Ruby,18747
1247,2017-06,C,14740
1248,2017-06,Others,377928
1249,2017-07,JavaScript,123125
1250,2017-07,Java,96590
1251,2017-07,HTML,82451
1252,2017-07,Python,58694
1253,2017-07,PHP,36540
1254,2017-07,CSS,29599
1255,2017-07,C#,25560
1256,2017-07,C++,20368
1257,2017-07,Ruby,19375
1258,2017-07,C,14378
1259,2017-07,Others,390912
1260,2017-08,JavaScript,125284
1261,2017-08,Java,97247
1262,2017-08,HTML,85260
1263,2017-08,Python,57531
1264,2017-08,PHP,36545
1265,2017-08,CSS,29825
1266,2017-08,C#,26060
1267,2017-08,C++,21268
1268,2017-08,Ruby,19456
1269,2017-08,TypeScript,14941
1270,2017-08,Others,400967
1271,2017-09,JavaScript,124200
1272,2017-09,Java,114030
1273,2017-09,HTML,92560
1274,2017-09,Python,65685
1275,2017-09,PHP,30098
1276,2017-09,CSS,29511
1277,2017-09,C#,29088
1278,2017-09,C++,25935
1279,2017-09,C,18170
1280,2017-09,Ruby,17479
1281,2017-09,Others,442201
1282,2017-10,JavaScript,133503
1283,2017-10,Java,124665
1284,2017-10,HTML,100261
1285,2017-10,Python,72956
1286,2017-10,PHP,34052
1287,2017-10,CSS,33318
1288,2017-10,C#,32936
1289,2017-10,C++,30460
1290,2017-10,C,20145
1291,2017-10,Ruby,20049
1292,2017-10,Others,456963
1293,2017-11,JavaScript,137930
1294,2017-11,Java,125549
1295,2017-11,HTML,96612
1296,2017-11,Python,73929
1297,2017-11,PHP,34044
1298,2017-11,CSS,33059
1299,2017-11,C#,32405
1300,2017-11,C++,29732
1301,2017-11,C,20240
1302,2017-11,Ruby,19732
1303,2017-11,Others,461799
1304,2017-12,JavaScript,124456
1305,2017-12,Java,106944
1306,2017-12,HTML,82512
1307,2017-12,Python,68186
1308,2017-12,PHP,29148
1309,2017-12,C#,28492
1310,2017-12,CSS,27423
1311,2017-12,C++,26322
1312,2017-12,C,17446
1313,2017-12,TypeScript,16473
1314,2017-12,Others,413756
1315,2018-01,JavaScript,144965
1316,2018-01,Java,117951
1317,2018-01,HTML,101617
1318,2018-01,Python,78624
1319,2018-01,C#,33674
1320,2018-01,PHP,32927
1321,2018-01,CSS,32427
1322,2018-01,C++,30062
1323,2018-01,C,19901
1324,2018-01,TypeScript,19700
1325,2018-01,Others,484392
1326,2018-02,JavaScript,138897
1327,2018-02,Java,112110
1328,2018-02,HTML,97905
1329,2018-02,Python,74913
1330,2018-02,C#,32295
1331,2018-02,PHP,31759
1332,2018-02,CSS,30430
1333,2018-02,C++,29794
1334,2018-02,TypeScript,19750
1335,2018-02,C,18774
1336,2018-02,Others,450777
1337,2018-03,JavaScript,168333
1338,2018-03,Java,140775
1339,2018-03,HTML,115306
1340,2018-03,Python,91897
1341,2018-03,PHP,37945
1342,2018-03,CSS,37746
1343,2018-03,C#,37562
1344,2018-03,C++,37334
1345,2018-03,C,23498
1346,2018-03,TypeScript,23225
1347,2018-03,Others,545556
1348,2018-04,JavaScript,161161
1349,2018-04,Java,133568
1350,2018-04,HTML,109110
1351,2018-04,Python,86332
1352,2018-04,C#,39017
1353,2018-04,C++,35941
1354,2018-04,PHP,35929
1355,2018-04,CSS,34264
1356,2018-04,C,22391
1357,2018-04,TypeScript,22195
1358,2018-04,Others,517103
1359,2018-05,JavaScript,163663
1360,2018-05,Java,132542
1361,2018-05,HTML,111686
1362,2018-05,Python,85435
1363,2018-05,C#,36790
1364,2018-05,PHP,35941
1365,2018-05,CSS,35514
1366,2018-05,C++,33943
1367,2018-05,TypeScript,24191
1368,2018-05,Jupyter Notebook,21288
1369,2018-05,Others,511469
1370,2018-06,JavaScript,156499
1371,2018-06,Java,116794
1372,2018-06,HTML,101448
1373,2018-06,Python,79968
1374,2018-06,C#,32732
1375,2018-06,PHP,32222
1376,2018-06,CSS,31976
1377,2018-06,C++,28380
1378,2018-06,TypeScript,23896
1379,2018-06,Jupyter Notebook,20260
1380,2018-06,Others,463804
1381,2018-07,JavaScript,159979
1382,2018-07,Java,117812
1383,2018-07,HTML,102807
1384,2018-07,Python,82193
1385,2018-07,CSS,33193
1386,2018-07,PHP,32783
1387,2018-07,C#,31285
1388,2018-07,C++,26308
1389,2018-07,TypeScript,24142
1390,2018-07,Jupyter Notebook,21285
1391,2018-07,Others,474659
1392,2018-08,JavaScript,160885
1393,2018-08,Java,120859
1394,2018-08,HTML,106763
1395,2018-08,Python,81984
1396,2018-08,CSS,33327
1397,2018-08,PHP,31485
1398,2018-08,C#,30880
1399,2018-08,C++,27989
1400,2018-08,TypeScript,24554
1401,2018-08,Jupyter Notebook,22395
1402,2018-08,Others,480358
1403,2018-09,JavaScript,162086
1404,2018-09,Java,135041
1405,2018-09,HTML,122726
1406,2018-09,Python,89619
1407,2018-09,C#,36322
1408,2018-09,CSS,34186
1409,2018-09,C++,33019
1410,2018-09,PHP,32768
1411,2018-09,Jupyter Notebook,26113
1412,2018-09,TypeScript,24511
1413,2018-09,Others,511628
1414,2018-10,JavaScript,179271
1415,2018-10,Java,150803
1416,2018-10,HTML,130249
1417,2018-10,Python,99762
1418,2018-10,C#,41498
1419,2018-10,CSS,38572
1420,2018-10,C++,38349
1421,2018-10,PHP,36718
1422,2018-10,Jupyter Notebook,32062
1423,2018-10,TypeScript,27785
1424,2018-10,Others,576147
1425,2018-11,JavaScript,180437
1426,2018-11,Java,145354
1427,2018-11,HTML,121871
1428,2018-11,Python,99326
1429,2018-11,C#,38634
1430,2018-11,C++,37976
1431,2018-11,CSS,37308
1432,2018-11,PHP,37178
1433,2018-11,Jupyter Notebook,30219
1434,2018-11,TypeScript,26899
1435,2018-11,Others,524769
1436,2018-12,JavaScript,165090
1437,2018-12,Java,126323
1438,2018-12,HTML,108959
1439,2018-12,Python,92786
1440,2018-12,C++,34204
1441,2018-12,C#,33630
1442,2018-12,CSS,32024
1443,2018-12,PHP,31535
1444,2018-12,Jupyter Notebook,28286
1445,2018-12,TypeScript,25079
1446,2018-12,Others,474904
1447,2019-01,JavaScript,176700
1448,2019-01,Java,129637
1449,2019-01,HTML,126809
1450,2019-01,Python,97331
1451,2019-01,C#,37446
1452,2019-01,CSS,35536
1453,2019-01,C++,35358
1454,2019-01,PHP,34758
1455,2019-01,Jupyter Notebook,33026
1456,2019-01,TypeScript,27363
1457,2019-01,Others,478786
1458,2019-02,JavaScript,169459
1459,2019-02,Java,124923
1460,2019-02,HTML,124638
1461,2019-02,Python,95319
1462,2019-02,C#,36653
1463,2019-02,CSS,35318
1464,2019-02,Jupyter Notebook,34791
1465,2019-02,PHP,32746
1466,2019-02,C++,31767
1467,2019-02,TypeScript,27392
1468,2019-02,Others,439903
1469,2019-03,JavaScript,196669
1470,2019-03,Java,157353
1471,2019-03,HTML,145124
1472,2019-03,Python,110402
1473,2019-03,C#,42546
1474,2019-03,CSS,41324
1475,2019-03,C++,40765
1476,2019-03,Jupyter Notebook,40026
1477,2019-03,PHP,37667
1478,2019-03,TypeScript,32014
1479,2019-03,Others,535106
1480,2019-04,JavaScript,190224
1481,2019-04,Java,147748
1482,2019-04,HTML,133775
1483,2019-04,Python,106870
1484,2019-04,C#,41074
1485,2019-04,Jupyter Notebook,39955
1486,2019-04,C++,39609
1487,2019-04,CSS,38745
1488,2019-04,PHP,36978
1489,2019-04,TypeScript,31196
1490,2019-04,Others,522394
1491,2019-05,JavaScript,191022
1492,2019-05,Java,146102
1493,2019-05,HTML,136497
1494,2019-05,Python,107049
1495,2019-05,C#,40726
1496,2019-05,CSS,39533
1497,2019-05,Jupyter Notebook,39344
1498,2019-05,C++,38808
1499,2019-05,PHP,37138
1500,2019-05,TypeScript,31234
1501,2019-05,Others,525851
1502,2019-06,JavaScript,178099
1503,2019-06,Java,129214
1504,2019-06,HTML,125421
1505,2019-06,Python,101477
1506,2019-06,Jupyter Notebook,39941
1507,2019-06,CSS,37186
1508,2019-06,C#,34710
1509,2019-06,PHP,32112
1510,2019-06,C++,31176
1511,2019-06,TypeScript,30389
1512,2019-06,Others,486972
1513,2019-07,JavaScript,192661
1514,2019-07,Java,133933
1515,2019-07,HTML,131315
1516,2019-07,Python,106473
1517,2019-07,Jupyter Notebook,44087
1518,2019-07,CSS,39083
1519,2019-07,C#,35286
1520,2019-07,PHP,34090
1521,2019-07,TypeScript,33607
1522,2019-07,C++,30777
1523,2019-07,Others,516033
1524,2019-08,JavaScript,187652
1525,2019-08,HTML,177369
1526,2019-08,Java,128704
1527,2019-08,Python,102300
1528,2019-08,Jupyter Notebook,41297
1529,2019-08,CSS,38002
1530,2019-08,C#,35998
1531,2019-08,PHP,34779
1532,2019-08,TypeScript,32817
1533,2019-08,C++,30651
1534,2019-08,Others,640977
1535,2019-09,HTML,319691
1536,2019-09,JavaScript,194310
1537,2019-09,Java,147514
1538,2019-09,Python,114300
1539,2019-09,Jupyter Notebook,45584
1540,2019-09,C#,44372
1541,2019-09,CSS,42101
1542,2019-09,C++,37477
1543,2019-09,PHP,36716
1544,2019-09,TypeScript,33030
1545,2019-09,Others,690581
1546,2019-10,JavaScript,212014
1547,2019-10,HTML,170319
1548,2019-10,Java,159689
1549,2019-10,Python,123332
1550,2019-10,C#,50126
1551,2019-10,Jupyter Notebook,47924
1552,2019-10,CSS,45686
1553,2019-10,C++,41723
1554,2019-10,PHP,38739
1555,2019-10,TypeScript,35823
1556,2019-10,Others,741513
1557,2019-11,JavaScript,205718
1558,2019-11,HTML,155576
1559,2019-11,Java,154583
1560,2019-11,Python,122296
1561,2019-11,Jupyter Notebook,48384
1562,2019-11,C#,46372
1563,2019-11,CSS,43747
1564,2019-11,C++,40151
1565,2019-11,PHP,38325
1566,2019-11,TypeScript,36078
1567,2019-11,Others,736249
1568,2019-12,JavaScript,187169
1569,2019-12,HTML,138577
1570,2019-12,Java,135787
1571,2019-12,Python,115245
1572,2019-12,Jupyter Notebook,43240
1573,2019-12,C#,40270
1574,2019-12,CSS,39096
1575,2019-12,C++,35795
1576,2019-12,PHP,33780
1577,2019-12,TypeScript,32922
1578,2019-12,Others,672328
1579,2020-01,JavaScript,210342
1580,2020-01,HTML,157052
1581,2020-01,Java,135007
1582,2020-01,Python,117341
1583,2020-01,Jupyter Notebook,48602
1584,2020-01,C#,45356
1585,2020-01,CSS,43283
1586,2020-01,C++,36668
1587,2020-01,TypeScript,36634
1588,2020-01,PHP,35597
1589,2020-01,Others,712762
1590,2020-02,JavaScript,221604
1591,2020-02,HTML,176680
1592,2020-02,Java,151791
1593,2020-02,Python,126783
1594,2020-02,Jupyter Notebook,53820
1595,2020-02,C#,50633
1596,2020-02,CSS,49467
1597,2020-02,PHP,39720
1598,2020-02,C++,38506
1599,2020-02,TypeScript,38373
1600,2020-02,Others,732418
1601,2020-03,JavaScript,269026
1602,2020-03,HTML,197070
1603,2020-03,Java,170858
1604,2020-03,Python,146186
1605,2020-03,Jupyter Notebook,61960
1606,2020-03,C#,55831
1607,2020-03,CSS,54109
1608,2020-03,C++,45558
1609,2020-03,TypeScript,44473
1610,2020-03,PHP,43657
1611,2020-03,Others,890817
1612,2020-04,JavaScript,299417
1613,2020-04,HTML,228164
1614,2020-04,Java,177986
1615,2020-04,Python,165272
1616,2020-04,Jupyter Notebook,72101
1617,2020-04,CSS,63230
1618,2020-04,C#,55868
1619,2020-04,TypeScript,53150
1620,2020-04,Ruby,48015
1621,2020-04,C++,47287
1622,2020-04,Others,821029
1623,2020-05,JavaScript,303209
1624,2020-05,HTML,246155
1625,2020-05,Python,174334
1626,2020-05,Java,173310
1627,2020-05,Jupyter Notebook,80293
1628,2020-05,CSS,69389
1629,2020-05,Ruby,60967
1630,2020-05,C#,57045
1631,2020-05,TypeScript,56005
1632,2020-05,C++,48241
1633,2020-05,Others,759884
1634,2020-06,JavaScript,295368
1635,2020-06,HTML,235335
1636,2020-06,Python,158440
1637,2020-06,Java,153510
1638,2020-06,Jupyter Notebook,73371
1639,2020-06,CSS,69304
1640,2020-06,TypeScript,56529
1641,2020-06,Ruby,55360
1642,2020-06,C#,51657
1643,2020-06,PHP,43138
1644,2020-06,Others,705296
1645,2020-07,JavaScript,308340
1646,2020-07,HTML,244441
1647,2020-07,Python,158876
1648,2020-07,Java,151298
1649,2020-07,Jupyter Notebook,76053
1650,2020-07,CSS,70032
1651,2020-07,TypeScript,56567
1652,2020-07,Ruby,52873
1653,2020-07,C#,47947
1654,2020-07,PHP,43074
1655,2020-07,Others,746820
1656,2020-08,JavaScript,313921
1657,2020-08,HTML,231912
1658,2020-08,Python,154674
1659,2020-08,Java,141221
1660,2020-08,Jupyter Notebook,71615
1661,2020-08,CSS,67459
1662,2020-08,TypeScript,61304
1663,2020-08,Ruby,58802
1664,2020-08,C#,47287
1665,2020-08,PHP,39309
1666,2020-08,Others,708223
1667,2020-09,JavaScript,327831
1668,2020-09,HTML,249621
1669,2020-09,Python,162661
1670,2020-09,Java,159458
1671,2020-09,Jupyter Notebook,74345
1672,2020-09,CSS,61103
1673,2020-09,TypeScript,57652
1674,2020-09,C#,57619
1675,2020-09,Ruby,55634
1676,2020-09,C++,44765
1677,2020-09,Others,792895
1678,2020-10,JavaScript,354496
1679,2020-10,HTML,246447
1680,2020-10,Java,170355
1681,2020-10,Python,168263
1682,2020-10,Jupyter Notebook,72853
1683,2020-10,TypeScript,62823
1684,2020-10,C#,62304
1685,2020-10,CSS,61847
1686,2020-10,Ruby,53485
1687,2020-10,PHP,47746
1688,2020-10,Others,817127
1689,2020-11,JavaScript,364242
1690,2020-11,HTML,240105
1691,2020-11,Python,166078
1692,2020-11,Java,165820
1693,2020-11,Jupyter Notebook,68957
1694,2020-11,CSS,60134
1695,2020-11,C#,59538
1696,2020-11,TypeScript,58517
1697,2020-11,Ruby,57436
1698,2020-11,PHP,46957
1699,2020-11,Others,784607
1700,2020-12,JavaScript,377387
1701,2020-12,HTML,231515
1702,2020-12,Python,171095
1703,2020-12,Java,150243
1704,2020-12,Jupyter Notebook,67474
1705,2020-12,CSS,60892
1706,2020-12,TypeScript,57676
1707,2020-12,C#,55816
1708,2020-12,Ruby,52809
1709,2020-12,C++,46988
1710,2020-12,Others,772185
1711,2021-01,JavaScript,402641
1712,2021-01,HTML,268912
1713,2021-01,Python,175630
1714,2021-01,Java,151754
1715,2021-01,Jupyter Notebook,73226
1716,2021-01,CSS,67302
1717,2021-01,TypeScript,62622
1718,2021-01,C#,61964
1719,2021-01,Ruby,54000
1720,2021-01,PHP,46229
1721,2021-01,Others,802990
1722,2021-02,JavaScript,371097
1723,2021-02,HTML,247454
1724,2021-02,Python,165047
1725,2021-02,Java,147478
1726,2021-02,Jupyter Notebook,67457
1727,2021-02,TypeScript,65460
1728,2021-02,CSS,64840
1729,2021-02,C#,59575
1730,2021-02,Ruby,52589
1731,2021-02,PHP,45602
1732,2021-02,Others,797298
1733,2021-03,JavaScript,409285
1734,2021-03,HTML,291696
1735,2021-03,Python,192741
1736,2021-03,Java,184373
1737,2021-03,TypeScript,80100
1738,2021-03,Jupyter Notebook,77543
1739,2021-03,CSS,74743
1740,2021-03,C#,70148
1741,2021-03,Ruby,54412
1742,2021-03,PHP,54112
1743,2021-03,Others,1089548
1744,2021-04,JavaScript,413226
1745,2021-04,HTML,307026
1746,2021-04,Python,189333
1747,2021-04,Java,174820
1748,2021-04,CSS,78272
1749,2021-04,Jupyter Notebook,77322
1750,2021-04,TypeScript,76434
1751,2021-04,C#,64904
1752,2021-04,PHP,52031
1753,2021-04,C++,49939
1754,2021-04,Others,1048416
1755,2021-05,JavaScript,432938
1756,2021-05,HTML,338648
1757,2021-05,Python,201405
1758,2021-05,Java,184029
1759,2021-05,Jupyter Notebook,86089
1760,2021-05,CSS,81415
1761,2021-05,TypeScript,75633
1762,2021-05,C#,64124
1763,2021-05,PHP,52706
1764,2021-05,C++,51122
1765,2021-05,Others,1080648
1766,2021-06,JavaScript,419027
1767,2021-06,HTML,342618
1768,2021-06,Python,189981
1769,2021-06,Java,168775
1770,2021-06,Jupyter Notebook,85983
1771,2021-06,CSS,80516
1772,2021-06,TypeScript,75513
1773,2021-06,C#,60088
1774,2021-06,PHP,52294
1775,2021-06,C++,45022
1776,2021-06,Others,1112344
1777,2021-07,JavaScript,406652
1778,2021-07,HTML,352220
1779,2021-07,Python,181579
1780,2021-07,Java,153101
1781,2021-07,CSS,82642
1782,2021-07,Jupyter Notebook,79720
1783,2021-07,TypeScript,74153
1784,2021-07,C#,53215
1785,2021-07,PHP,46925
1786,2021-07,C++,42064
1787,2021-07,Others,1267480
1788,2021-08,JavaScript,407346
1789,2021-08,HTML,313614
1790,2021-08,Python,178187
1791,2021-08,Java,149377
1792,2021-08,CSS,83419
1793,2021-08,TypeScript,75425
1794,2021-08,Jupyter Notebook,75383
1795,2021-08,C#,55005
1796,2021-08,PHP,45332
1797,2021-08,C++,40743
1798,2021-08,Others,1217193
1799,2021-09,JavaScript,408060
1800,2021-09,HTML,338360
1801,2021-09,Python,193011
1802,2021-09,Java,175602
1803,2021-09,CSS,91194
1804,2021-09,Jupyter Notebook,80846
1805,2021-09,TypeScript,77559
1806,2021-09,C#,69322
1807,2021-09,PHP,48924
1808,2021-09,C++,48894
1809,2021-09,Others,1261655
1810,2021-10,JavaScript,419700
1811,2021-10,HTML,346995
1812,2021-10,Python,200406
1813,2021-10,Java,182807
1814,2021-10,CSS,86953
1815,2021-10,TypeScript,84183
1816,2021-10,Jupyter Notebook,81160
1817,2021-10,C#,75306
1818,2021-10,PHP,53731
1819,2021-10,C++,53346
1820,2021-10,Others,1270090
1821,2021-11,JavaScript,421907
1822,2021-11,HTML,336229
1823,2021-11,Python,203453
1824,2021-11,Java,181325
1825,2021-11,CSS,87970
1826,2021-11,TypeScript,86724
1827,2021-11,Jupyter Notebook,78547
1828,2021-11,C#,73273
1829,2021-11,PHP,52656
1830,2021-11,C++,52479
1831,2021-11,Others,1206862
1832,2021-12,JavaScript,396840
1833,2021-12,HTML,322014
1834,2021-12,Python,204012
1835,2021-12,Java,172154
1836,2021-12,CSS,87521
1837,2021-12,TypeScript,85815
1838,2021-12,Jupyter Notebook,78272
1839,2021-12,C#,68415
1840,2021-12,C++,52666
1841,2021-12,PHP,48411
1842,2021-12,Others,1213709
1843,2022-01,JavaScript,453802
1844,2022-01,HTML,398061
1845,2022-01,Python,216928
1846,2022-01,Java,182279
1847,2022-01,CSS,99552
1848,2022-01,TypeScript,93852
1849,2022-01,Jupyter Notebook,87416
1850,2022-01,C#,70305
1851,2022-01,PHP,52031
1852,2022-01,C++,50707
1853,2022-01,Others,1358636
1854,2022-02,JavaScript,428929
1855,2022-02,HTML,375782
1856,2022-02,Python,203846
1857,2022-02,Java,180210
1858,2022-02,CSS,99222
1859,2022-02,TypeScript,91515
1860,2022-02,Jupyter Notebook,85186
1861,2022-02,C#,72204
1862,2022-02,C++,53784
1863,2022-02,PHP,49151
1864,2022-02,Others,1361675
1865,2022-03,JavaScript,493865
1866,2022-03,HTML,424460
1867,2022-03,Python,233321
1868,2022-03,Java,218560
1869,2022-03,CSS,116654
1870,2022-03,TypeScript,108707
1871,2022-03,Jupyter Notebook,90233
1872,2022-03,C#,85484
1873,2022-03,C++,67648
1874,2022-03,PHP,56173
1875,2022-03,Others,1546406
1876,2022-04,JavaScript,480020
1877,2022-04,HTML,403045
1878,2022-04,Python,226119
1879,2022-04,Java,207511
1880,2022-04,CSS,114027
1881,2022-04,TypeScript,105077
1882,2022-04,Jupyter Notebook,87591
1883,2022-04,C#,80441
1884,2022-04,C++,64705
1885,2022-04,PHP,52361
1886,2022-04,Others,1443116
1887,2022-05,JavaScript,506590
1888,2022-05,HTML,438177
1889,2022-05,Python,243663
1890,2022-05,Java,221458
1891,2022-05,CSS,120252
1892,2022-05,TypeScript,116684
1893,2022-05,Jupyter Notebook,90830
1894,2022-05,C#,82707
1895,2022-05,C++,68043
1896,2022-05,PHP,54201
1897,2022-05,Others,1543944
