date,language,percent
2008-01-01,Julia,0.0
2008-01-01,Scala,0.0
2008-01-01,Python,0.0
2008-01-01,R,0.0
2008-01-01,MATLAB,0.0
2008-01-01,Fortran,0.0
2008-02-01,Julia,0.0
2008-02-01,Scala,0.0
2008-02-01,Python,4.026845637583892
2008-02-01,R,0.0
2008-02-01,MATLAB,0.0
2008-02-01,Fortran,0.0
2008-03-01,Julia,0.0
2008-03-01,Scala,0.0
2008-03-01,Python,6.647807637906649
2008-03-01,R,0.0
2008-03-01,MATLAB,0.0
2008-03-01,Fortran,0.0
2008-04-01,Julia,0.0
2008-04-01,Scala,0.08084074373484236
2008-04-01,Python,6.063055780113177
2008-04-01,R,0.08084074373484236
2008-04-01,MATLAB,0.0
2008-04-01,Fortran,0.0
2008-05-01,Julia,0.0
2008-05-01,Scala,0.20905923344947736
2008-05-01,Python,5.853658536585367
2008-05-01,R,0.4181184668989547
2008-05-01,MATLAB,0.0
2008-05-01,Fortran,0.0
2008-06-01,Julia,0.0
2008-06-01,Scala,0.2526847757422615
2008-06-01,Python,5.306380290587493
2008-06-01,R,0.0
2008-06-01,MATLAB,0.0
2008-06-01,Fortran,0.06317119393556538
2008-07-01,Julia,0.0
2008-07-01,Scala,0.23937761819269898
2008-07-01,Python,5.9245960502693
2008-07-01,R,0.0
2008-07-01,MATLAB,0.0
2008-07-01,Fortran,0.059844404548174746
2008-08-01,Julia,0.0
2008-08-01,Scala,0.2518891687657431
2008-08-01,Python,7.002518891687657
2008-08-01,R,0.2518891687657431
2008-08-01,MATLAB,0.0
2008-08-01,Fortran,0.05037783375314861
2008-09-01,Julia,0.0
2008-09-01,Scala,0.30621172353455817
2008-09-01,Python,7.349081364829396
2008-09-01,R,0.13123359580052493
2008-09-01,MATLAB,0.0
2008-09-01,Fortran,0.0
2008-10-01,Julia,0.0
2008-10-01,Scala,0.30052592036063114
2008-10-01,Python,6.235912847483095
2008-10-01,R,0.03756574004507889
2008-10-01,MATLAB,0.03756574004507889
2008-10-01,Fortran,0.03756574004507889
2008-11-01,Julia,0.0
2008-11-01,Scala,0.23341113704568192
2008-11-01,Python,7.402467489163055
2008-11-01,R,0.06668889629876625
2008-11-01,MATLAB,0.0
2008-11-01,Fortran,0.0
2008-12-01,Julia,0.0
2008-12-01,Scala,0.22579026593075763
2008-12-01,Python,7.526342197691922
2008-12-01,R,0.0
2008-12-01,MATLAB,0.050175614651279475
2008-12-01,Fortran,0.0
2009-01-01,Julia,0.0
2009-01-01,Scala,0.3445480340494528
2009-01-01,Python,7.255776246453181
2009-01-01,R,0.020267531414673693
2009-01-01,MATLAB,0.06080259424402108
2009-01-01,Fortran,0.040535062829347386
2009-02-01,Julia,0.0
2009-02-01,Scala,0.2654028436018957
2009-02-01,Python,8.947867298578199
2009-02-01,R,0.09478672985781991
2009-02-01,MATLAB,0.0
2009-02-01,Fortran,0.01895734597156398
2009-03-01,Julia,0.0
2009-03-01,Scala,0.44285470958950773
2009-03-01,Python,8.891159938681655
2009-03-01,R,0.1021972406745018
2009-03-01,MATLAB,0.0
2009-03-01,Fortran,0.0
2009-04-01,Julia,0.0
2009-04-01,Scala,0.5469915464942815
2009-04-01,Python,7.392673628377258
2009-04-01,R,0.11602850986242334
2009-04-01,MATLAB,0.04972650422675286
2009-04-01,Fortran,0.01657550140891762
2009-05-01,Julia,0.0
2009-05-01,Scala,0.7428040854224698
2009-05-01,Python,7.954193748065615
2009-05-01,R,0.09285051067780872
2009-05-01,MATLAB,0.01547508511296812
2009-05-01,Fortran,0.01547508511296812
2009-06-01,Julia,0.0
2009-06-01,Scala,0.45739454514653566
2009-06-01,Python,8.961544977130274
2009-06-01,R,0.0677621548365238
2009-06-01,MATLAB,0.050821616127392846
2009-06-01,Fortran,0.0
2009-07-01,Julia,0.0
2009-07-01,Scala,0.6122448979591837
2009-07-01,Python,9.843014128728415
2009-07-01,R,0.04709576138147566
2009-07-01,MATLAB,0.03139717425431711
2009-07-01,Fortran,0.04709576138147566
2009-08-01,Julia,0.0
2009-08-01,Scala,0.8521846916640843
2009-08-01,Python,9.714905484970561
2009-08-01,R,0.10845986984815618
2009-08-01,MATLAB,0.04648280136349551
2009-08-01,Fortran,0.015494267121165169
2009-09-01,Julia,0.0
2009-09-01,Scala,0.551314673452078
2009-09-01,Python,9.810573932711337
2009-09-01,R,0.04240882103477523
2009-09-01,MATLAB,0.04240882103477523
2009-09-01,Fortran,0.0
2009-10-01,Julia,0.0
2009-10-01,Scala,0.7509386733416771
2009-10-01,Python,9.411764705882353
2009-10-01,R,0.1251564455569462
2009-10-01,MATLAB,0.03754693366708385
2009-10-01,Fortran,0.025031289111389236
2009-11-01,Julia,0.0
2009-11-01,Scala,0.7365836548579445
2009-11-01,Python,8.698702209750966
2009-11-01,R,0.09353443236291359
2009-11-01,MATLAB,0.011691804045364199
2009-11-01,Fortran,0.046767216181456794
2009-12-01,Julia,0.0
2009-12-01,Scala,0.5573248407643312
2009-12-01,Python,8.428116469517743
2009-12-01,R,0.09099181073703368
2009-12-01,MATLAB,0.03412192902638763
2009-12-01,Fortran,0.03412192902638763
2010-01-01,Julia,0.0
2010-01-01,Scala,0.6999712340588743
2010-01-01,Python,9.655767571195705
2010-01-01,R,0.08629782337712148
2010-01-01,MATLAB,0.057531882251414326
2010-01-01,Fortran,0.0
2010-02-01,Julia,0.0
2010-02-01,Scala,0.6596673789835548
2010-02-01,Python,8.715042274458794
2010-02-01,R,0.0836198086035492
2010-02-01,MATLAB,0.046455449224194
2010-02-01,Fortran,0.0371643593793552
2010-03-01,Julia,0.0
2010-03-01,Scala,0.6640926640926641
2010-03-01,Python,8.162162162162161
2010-03-01,R,0.11583011583011582
2010-03-01,MATLAB,0.04633204633204633
2010-03-01,Fortran,0.03088803088803089
2010-04-01,Julia,0.0
2010-04-01,Scala,0.7383169729004111
2010-04-01,Python,9.262522023659702
2010-04-01,R,0.08389965601141035
2010-04-01,MATLAB,0.01677993120228207
2010-04-01,Fortran,0.05033979360684621
2010-05-01,Julia,0.0
2010-05-01,Scala,0.7284500202347227
2010-05-01,Python,8.814245244840144
2010-05-01,R,0.10522055847834884
2010-05-01,MATLAB,0.024281667341157425
2010-05-01,Fortran,0.04046944556859571
2010-06-01,Julia,0.0
2010-06-01,Scala,0.590876861262113
2010-06-01,Python,9.036476798235247
2010-06-01,R,0.1339320885527456
2010-06-01,MATLAB,0.03151343260064603
2010-06-01,Fortran,0.02363507445048452
2010-07-01,Julia,0.0
2010-07-01,Scala,0.8382108533853603
2010-07-01,Python,8.866247561239975
2010-07-01,R,0.11561529012211866
2010-07-01,MATLAB,0.05780764506105933
2010-07-01,Fortran,0.021677866897897247
2010-08-01,Julia,0.0
2010-08-01,Scala,0.8953877866529245
2010-08-01,Python,9.456325689255346
2010-08-01,R,0.1030662200463798
2010-08-01,MATLAB,0.05797474877608864
2010-08-01,Fortran,0.03220819376449369
2010-09-01,Julia,0.0
2010-09-01,Scala,0.6377111340916926
2010-09-01,Python,8.531540847983454
2010-09-01,R,0.1608640698609675
2010-09-01,MATLAB,0.0574514535217741
2010-09-01,Fortran,0.07468688957830633
2010-10-01,Julia,0.0
2010-10-01,Scala,0.5818786367414797
2010-10-01,Python,7.297545609660061
2010-10-01,R,0.14437590234938968
2010-10-01,MATLAB,0.056875355470971695
2010-10-01,Fortran,0.03500021875136719
2010-11-01,Julia,0.0
2010-11-01,Scala,0.5958879184861717
2010-11-01,Python,8.360625909752548
2010-11-01,R,0.2046943231441048
2010-11-01,MATLAB,0.04093886462882096
2010-11-01,Fortran,0.06368267831149928
2010-12-01,Julia,0.0
2010-12-01,Scala,0.79671771384953
2010-12-01,Python,9.05014073756023
2010-12-01,R,0.18128906063642
2010-12-01,MATLAB,0.033395353275130005
2010-12-01,Fortran,0.033395353275130005
2011-01-01,Julia,0.0
2011-01-01,Scala,0.691851094775738
2011-01-01,Python,7.65753370808601
2011-01-01,R,0.1533079130468965
2011-01-01,MATLAB,0.06682652619992924
2011-01-01,Fortran,0.02751680490585322
2011-02-01,Julia,0.0
2011-02-01,Scala,0.6849811539576689
2011-02-01,Python,8.096549724557843
2011-02-01,R,0.19570890113076253
2011-02-01,MATLAB,0.04711510582777617
2011-02-01,Fortran,0.028993911278631487
2011-03-01,Julia,0.0
2011-03-01,Scala,0.7489917418859228
2011-03-01,Python,8.322130465399143
2011-03-01,R,0.15684015107867616
2011-03-01,MATLAB,0.05441392996607131
2011-03-01,Fortran,0.07041802701491581
2011-04-01,Julia,0.0031289111389236545
2011-04-01,Scala,0.7071339173967459
2011-04-01,Python,8.391739674593241
2011-04-01,R,0.172090112640801
2011-04-01,MATLAB,0.08448060075093868
2011-04-01,Fortran,0.0625782227784731
2011-05-01,Julia,0.0
2011-05-01,Scala,0.6605373560653396
2011-05-01,Python,7.9383498467672355
2011-05-01,R,0.16364664226844
2011-05-01,MATLAB,0.06248326341158618
2011-05-01,Fortran,0.041655508941057455
2011-06-01,Julia,0.0
2011-06-01,Scala,0.6615462241408309
2011-06-01,Python,7.918932555923082
2011-06-01,R,0.14296126030162024
2011-06-01,MATLAB,0.06447272523406403
2011-06-01,Fortran,0.03644110556707967
2011-07-01,Julia,0.0
2011-07-01,Scala,0.630375703919536
2011-07-01,Python,8.679573025523212
2011-07-01,R,0.1933152158686577
2011-07-01,MATLAB,0.12047180119351134
2011-07-01,Fortran,0.03922337713277113
2011-08-01,Julia,0.0
2011-08-01,Scala,0.5799052476247185
2011-08-01,Python,8.310249307479225
2011-08-01,R,0.14238744919356927
2011-08-01,MATLAB,0.12167654749268646
2011-08-01,Fortran,0.02847748983871385
2011-09-01,Julia,0.0023225027289407066
2011-09-01,Scala,0.6944283159532713
2011-09-01,Python,8.27739972594468
2011-09-01,R,0.17883271012843438
2011-09-01,MATLAB,0.17883271012843438
2011-09-01,Fortran,0.053417562765636244
2011-10-01,Julia,0.0
2011-10-01,Scala,0.7136811766589656
2011-10-01,Python,8.044925315094813
2011-10-01,R,0.19443237184619255
2011-10-01,MATLAB,0.3362536313104742
2011-10-01,Fortran,0.036599034700459776
2011-11-01,Julia,0.0021398613369853635
2011-11-01,Scala,0.6911752118462723
2011-11-01,Python,7.716339981169221
2011-11-01,R,0.2460840537533168
2011-11-01,MATLAB,0.30600017118890693
2011-11-01,Fortran,0.0406573654027219
2011-12-01,Julia,0.0
2011-12-01,Scala,0.6666666666666667
2011-12-01,Python,7.874587458745874
2011-12-01,R,0.18921892189218922
2011-12-01,MATLAB,0.2112211221122112
2011-12-01,Fortran,0.0374037403740374
2012-01-01,Julia,0.0
2012-01-01,Scala,0.6464646464646464
2012-01-01,Python,7.60514233241506
2012-01-01,R,0.23140495867768596
2012-01-01,MATLAB,0.20385674931129477
2012-01-01,Fortran,0.04224058769513315
2012-02-01,Julia,0.004834343173907438
2012-02-01,Scala,0.610738687636973
2012-02-01,Python,7.457780069614542
2012-02-01,R,0.22399123372437799
2012-02-01,MATLAB,0.20465386102874822
2012-02-01,Fortran,0.037063297666623696
2012-03-01,Julia,0.005806948013297911
2012-03-01,Scala,0.6329573334494722
2012-03-01,Python,7.6259744784634815
2012-03-01,R,0.20614665447207586
2012-03-01,MATLAB,0.24969876457181017
2012-03-01,Fortran,0.052262532119681196
2012-04-01,Julia,0.018865734022174493
2012-04-01,Scala,0.6356301155163406
2012-04-01,Python,7.379404423289023
2012-04-01,R,0.26702269692923897
2012-04-01,MATLAB,0.2626690660010449
2012-04-01,Fortran,0.03918267835374703
2012-05-01,Julia,0.013962970203021586
2012-05-01,Scala,0.7204892624759138
2012-05-01,Python,7.157418526068865
2012-05-01,R,0.2262001172889497
2012-05-01,MATLAB,0.24435197855287777
2012-05-01,Fortran,0.06283336591359714
2012-06-01,Julia,0.009632585661208202
2012-06-01,Scala,0.4926379523875052
2012-06-01,Python,6.996009357368928
2012-06-01,R,0.21054080088069357
2012-06-01,MATLAB,0.18026696023118208
2012-06-01,Fortran,0.04541076097426724
2012-07-01,Julia,0.002844896256116527
2012-07-01,Scala,0.38216439707165345
2012-07-01,Python,5.254523385047225
2012-07-01,R,0.174486970375147
2012-07-01,MATLAB,0.11664074650077762
2012-07-01,Fortran,0.02844896256116527
2012-08-01,Julia,0.014117813150742951
2012-08-01,Scala,0.4882410381298603
2012-08-01,Python,6.870669066694902
2012-08-01,R,0.25529712114260167
2012-08-01,MATLAB,0.15059000694125813
2012-08-01,Fortran,0.035294532876857375
2012-09-01,Julia,0.012205947625388371
2012-09-01,Scala,0.5004438526409232
2012-09-01,Python,6.7265867731913005
2012-09-01,R,0.24411895250776744
2012-09-01,MATLAB,0.20639147802929428
2012-09-01,Fortran,0.04105636928539724
2012-10-01,Julia,0.01608766832905906
2012-10-01,Scala,0.4542400469381382
2012-10-01,Python,6.405730995258869
2012-10-01,R,0.2592953601271872
2012-10-01,MATLAB,0.1779106850507708
2012-10-01,Fortran,0.04353133783157158
2012-11-01,Julia,0.02432717345274672
2012-11-01,Scala,0.5135736617802085
2012-11-01,Python,6.295331885716345
2012-11-01,R,0.2216475803472479
2012-11-01,MATLAB,0.16128014992746897
2012-11-01,Fortran,0.03874327623955959
2012-12-01,Julia,0.041507308251059916
2012-12-01,Scala,0.5405832765078518
2012-12-01,Python,6.448456817575381
2012-12-01,R,0.23916115706563096
2012-12-01,MATLAB,0.14033423265834544
2012-12-01,Fortran,0.043483846739205634
2013-01-01,Julia,0.02130962890803373
2013-01-01,Scala,0.5137142683186703
2013-01-01,Python,6.35559682182106
2013-01-01,R,0.2732198849280039
2013-01-01,MATLAB,0.1453621114798015
2013-01-01,Fortran,0.044902432341928214
2013-02-01,Julia,0.024251242876197406
2013-02-01,Scala,0.5183703164787196
2013-02-01,Python,6.472050442585182
2013-02-01,R,0.2948041712137747
2013-02-01,MATLAB,0.17430580817266886
2013-02-01,Fortran,0.029556202255365586
2013-03-01,Julia,0.0331615733891128
2013-03-01,Scala,0.46171113718687823
2013-03-01,Python,6.402734554359471
2013-03-01,R,0.2474363552879955
2013-03-01,MATLAB,0.248711800418346
2013-03-01,Fortran,0.04591602469261772
2013-04-01,Julia,0.032105962266051405
2013-04-01,Scala,0.4689988605531039
2013-04-01,Python,6.2449244250829405
2013-04-01,R,0.2436275960188607
2013-04-01,MATLAB,0.28769460305069594
2013-04-01,Fortran,0.04469653570371862
2013-05-01,Julia,0.021962121799343717
2013-05-01,Scala,0.44505593881611244
2013-05-01,Python,6.2611425470893725
2013-05-01,R,0.30359403663798673
2013-05-01,MATLAB,0.3048859261555952
2013-05-01,Fortran,0.060072862568793114
2013-06-01,Julia,0.024014381183703155
2013-06-01,Scala,0.506360380387798
2013-06-01,Python,6.387825394865039
2013-06-01,R,0.28199744761434276
2013-06-01,MATLAB,0.25249406501722177
2013-06-01,Fortran,0.06312351625430544
2013-07-01,Julia,0.029410844466693783
2013-07-01,Scala,0.4411626670004067
2013-07-01,Python,6.387785113106599
2013-07-01,R,0.3003660711492131
2013-07-01,MATLAB,0.24154438221582553
2013-07-01,Fortran,0.048809486561747134
2013-08-01,Julia,0.02423766008319413
2013-08-01,Scala,0.449379319380302
2013-08-01,Python,6.169467099014117
2013-08-01,R,0.3046084307752776
2013-08-01,MATLAB,0.20110707150109725
2013-08-01,Fortran,0.05961154236677475
2013-09-01,Julia,0.028937452901281083
2013-09-01,Scala,0.5051996985681989
2013-09-01,Python,6.237829691032404
2013-09-01,R,0.30324039186134133
2013-09-01,MATLAB,0.24174830444611906
2013-09-01,Fortran,0.04340617935192163
2013-10-01,Julia,0.022475316353144717
2013-10-01,Scala,0.4871394149100203
2013-10-01,Python,6.196392450384432
2013-10-01,R,0.33190292754062545
2013-10-01,MATLAB,0.3031554298796264
2013-10-01,Fortran,0.05435890466807093
2013-11-01,Julia,0.021539156610682373
2013-11-01,Scala,0.4675573020367637
2013-11-01,Python,5.920115996238528
2013-11-01,R,0.3551334114346654
2013-11-01,MATLAB,0.29787077556724156
2013-11-01,Fortran,0.04412900378773949
2013-12-01,Julia,0.032680862774777254
2013-12-01,Scala,0.44205167016409236
2013-12-01,Python,6.07290699141124
2013-12-01,R,0.3027279920189893
2013-12-01,MATLAB,0.2539933720916899
2013-12-01,Fortran,0.04128108982077127
2014-01-01,Julia,0.03415154749199573
2014-01-01,Scala,0.40175501007944975
2014-01-01,Python,6.070437566702242
2014-01-01,R,0.863275228269892
2014-01-01,MATLAB,0.27178939879046604
2014-01-01,Fortran,0.048381358946993955
2014-02-01,Julia,0.055050794766936216
2014-02-01,Scala,0.4200514424233452
2014-02-01,Python,6.400233156307249
2014-02-01,R,0.3788789992783257
2014-02-01,MATLAB,0.2812679262041783
2014-02-01,Fortran,0.053200347884013996
2014-03-01,Julia,0.03762510346903454
2014-03-01,Scala,0.37466681980743866
2014-03-01,Python,6.24141058493174
2014-03-01,R,2.4091947831803906
2014-03-01,MATLAB,0.3053574186802698
2014-03-01,Fortran,0.09901343018166986
2014-04-01,Julia,0.03431867784401582
2014-04-01,Scala,0.37017899696915946
2014-04-01,Python,5.7289055812195855
2014-04-01,R,1.0978120878866635
2014-04-01,MATLAB,0.31233852869272827
2014-04-01,Fortran,0.05167081832694517
2014-05-01,Julia,0.03236309048018248
2014-05-01,Scala,0.41838067572573256
2014-05-01,Python,5.7809057766166925
2014-05-01,R,1.23642602304408
2014-05-01,MATLAB,0.2803501452439904
2014-05-01,Fortran,0.04406059306338097
2014-06-01,Julia,0.04539023333033458
2014-06-01,Scala,0.39542662730120304
2014-06-01,Python,5.844708153067316
2014-06-01,R,1.491743884586131
2014-06-01,MATLAB,0.30055695043059383
2014-06-01,Fortran,0.045799154351328586
2014-07-01,Julia,0.04145225843339051
2014-07-01,Scala,0.37914522584333904
2014-07-01,Python,5.631432246998284
2014-07-01,R,1.335405946255003
2014-07-01,MATLAB,0.2701543739279588
2014-07-01,Fortran,0.039308176100628936
2014-08-01,Julia,0.03503508983216003
2014-08-01,Scala,0.36531380127075186
2014-08-01,Python,5.606344270850441
2014-08-01,R,1.4076077237775126
2014-08-01,MATLAB,0.2649528668557102
2014-08-01,Fortran,0.04160416917569003
2014-09-01,Julia,0.043821971501806785
2014-09-01,Scala,0.3919631895439385
2014-09-01,Python,5.9378771384948195
2014-09-01,R,1.3776097549099737
2014-09-01,MATLAB,0.319274363798878
2014-09-01,Fortran,0.04521314520027684
2014-10-01,Julia,0.03329755909628773
2014-10-01,Scala,0.3544401331902364
2014-10-01,Python,5.805333113184182
2014-10-01,R,1.0336002641789812
2014-10-01,MATLAB,0.2999532183054019
2014-10-01,Fortran,0.038250914994909055
2014-11-01,Julia,0.03716019856885594
2014-11-01,Scala,0.39828110260978933
2014-11-01,Python,6.187967083051456
2014-11-01,R,1.204053955337888
2014-11-01,MATLAB,0.3541335162758494
2014-11-01,Fortran,0.036842590034079394
2014-12-01,Julia,0.03885255455546202
2014-12-01,Scala,0.38205011979537656
2014-12-01,Python,5.440591052195015
2014-12-01,R,1.0857130522998553
2014-12-01,MATLAB,0.2732012963185663
2014-12-01,Fortran,0.034535604049299576
2015-01-01,Julia,0.03487349383687924
2015-01-01,Scala,0.35873542557201504
2015-01-01,Python,5.393852521020255
2015-01-01,R,1.2987812226749507
2015-01-01,MATLAB,0.30180957533828573
2015-01-01,Fortran,0.03795056682248622
2015-02-01,Julia,0.04167856123322866
2015-02-01,Scala,0.4273479874393377
2015-02-01,Python,5.978875249785897
2015-02-01,R,1.3673993719668855
2015-02-01,MATLAB,0.35084213531258923
2015-02-01,Fortran,0.04767342278047388
2015-03-01,Julia,0.027310661955401053
2015-03-01,Scala,0.3759979506418006
2015-03-01,Python,6.10001630171295
2015-03-01,R,1.04669699773258
2015-03-01,MATLAB,0.3512278153799252
2015-03-01,Fortran,0.047211454388018874
2015-04-01,Julia,0.032040119802187086
2015-04-01,Scala,0.38215968981449233
2015-04-01,Python,5.998467646444243
2015-04-01,R,1.1204754939518469
2015-04-01,MATLAB,0.34408302570174826
2015-04-01,Fortran,0.04039841192449676
2015-05-01,Julia,0.038439088281772754
2015-05-01,Scala,0.3841536044950006
2015-05-01,Python,5.8726384874930595
2015-05-01,R,1.082700986603266
2015-05-01,MATLAB,0.3305287035587003
2015-05-01,Fortran,0.04176098479995064
2015-06-01,Julia,0.03853153648742636
2015-06-01,Scala,0.3712598358411144
2015-06-01,Python,5.869152718169679
2015-06-01,R,1.1789680818322594
2015-06-01,MATLAB,0.2958931198185383
2015-06-01,Fortran,0.04265126051438389
2015-07-01,Julia,0.03586825001532346
2015-07-01,Scala,0.3670820270555572
2015-07-01,Python,5.654924733428528
2015-07-01,R,1.0837659846402166
2015-07-01,MATLAB,0.279908558663885
2015-07-01,Fortran,0.04290569147402617
2015-08-01,Julia,0.03464097708807521
2015-08-01,Scala,0.31580669909742193
2015-08-01,Python,5.275842062647039
2015-08-01,R,0.9750478704299945
2015-08-01,MATLAB,0.252900384876132
2015-08-01,Fortran,0.03634114774270467
2015-09-01,Julia,0.03272299980663682
2015-09-01,Scala,0.3474162641808519
2015-09-01,Python,5.864004062751664
2015-09-01,R,0.9368552347237775
2015-09-01,MATLAB,0.32829243312502526
2015-09-01,Fortran,0.040797506252430324
2015-10-01,Julia,0.18451802139293172
2015-10-01,Scala,0.3624603465591175
2015-10-01,Python,5.938252219795635
2015-10-01,R,0.870980854760804
2015-10-01,MATLAB,0.33735314278426937
2015-10-01,Fortran,0.041646076102724326
2015-11-01,Julia,0.043126488167549444
2015-11-01,Scala,0.3622220062523284
2015-11-01,Python,6.143398610233733
2015-11-01,R,0.841675170481235
2015-11-01,MATLAB,0.3693085183925361
2015-11-01,Fortran,0.037862222006252326
2015-12-01,Julia,0.04406227762319262
2015-12-01,Scala,0.37673247367829693
2015-12-01,Python,6.246709098640018
2015-12-01,R,0.9297140578493642
2015-12-01,MATLAB,0.3588872512409039
2015-12-01,Fortran,0.041638852353917025
2016-01-01,Julia,0.04048314936201205
2016-01-01,Scala,0.36586173301930514
2016-01-01,Python,6.092335631792515
2016-01-01,R,0.835958116966034
2016-01-01,MATLAB,0.32613527803789144
2016-01-01,Fortran,0.037078024649319447
2016-02-01,Julia,0.039442061950777645
2016-02-01,Scala,0.30701299916770564
2016-02-01,Python,5.822885086555271
2016-02-01,R,0.8110691807081521
2016-02-01,MATLAB,0.33575890872505204
2016-02-01,Fortran,0.03392685837291467
2016-03-01,Julia,0.04666452973931971
2016-03-01,Scala,0.3147246718201403
2016-03-01,Python,5.811150288112472
2016-03-01,R,0.7050369365407122
2016-03-01,MATLAB,0.3737635017778739
2016-03-01,Fortran,0.03354478974871226
2016-04-01,Julia,0.041758653406247216
2016-04-01,Scala,0.31595334084579696
2016-04-01,Python,5.884439067676653
2016-04-01,R,0.6862543409041363
2016-04-01,MATLAB,0.3544879805699442
2016-04-01,Fortran,0.039302262029409146
2016-05-01,Julia,0.04128792728203815
2016-05-01,Scala,0.32950326462680835
2016-05-01,Python,5.7138970682371015
2016-05-01,R,0.7367814620407118
2016-05-01,MATLAB,0.338785046728972
2016-05-01,Fortran,0.03376648316476764
2016-06-01,Julia,0.03240363330002012
2016-06-01,Scala,0.344160694733898
2016-06-01,Python,5.7293034583204
2016-06-01,R,0.7179962957530774
2016-06-01,MATLAB,0.3114159705570355
2016-06-01,Fortran,0.02984545172370275
2016-07-01,Julia,0.030406316667075352
2016-07-01,Scala,0.31174648324791776
2016-07-01,Python,5.7157336341270035
2016-07-01,R,0.6601113263529584
2016-07-01,MATLAB,0.2730029507205153
2016-07-01,Fortran,0.03351233826209918
2016-08-01,Julia,0.027181956013554734
2016-08-01,Scala,0.31727383102488055
2016-08-01,Python,5.558710004771943
2016-08-01,R,0.6491957161237323
2016-08-01,MATLAB,0.27332966880296705
2016-08-01,Fortran,0.02990015161491021
2016-09-01,Julia,0.045080474739365814
2016-09-01,Scala,0.2970167014359417
2016-09-01,Python,5.550448841783779
2016-09-01,R,0.6592850209630976
2016-09-01,MATLAB,0.3001303678593814
2016-09-01,Fortran,0.028429128214014478
2016-10-01,Julia,0.028840119019486774
2016-10-01,Scala,0.300979039458873
2016-10-01,Python,5.794958188179871
2016-10-01,R,0.6612899537287606
2016-10-01,MATLAB,0.34900355483052936
2016-10-01,Fortran,0.029856510879204365
2016-11-01,Julia,0.02525445779444402
2016-11-01,Scala,0.31096145506492184
2016-11-01,Python,5.801892808856917
2016-11-01,R,0.6336573046605954
2016-11-01,MATLAB,0.3479503073901176
2016-11-01,Fortran,0.03175939389301294
2016-12-01,Julia,0.025966365089915594
2016-12-01,Scala,0.31201974572719227
2016-12-01,Python,6.015870529445717
2016-12-01,R,0.6579086633107962
2016-12-01,MATLAB,0.35238050885608285
2016-12-01,Fortran,0.03175234861538592
2017-01-01,Julia,0.02601380889113919
2017-01-01,Scala,0.30290225279585
2017-01-01,Python,6.316660385283544
2017-01-01,R,0.6802928266604742
2017-01-01,MATLAB,0.34528572679409625
2017-01-01,Fortran,0.02893243135209627
2017-02-01,Julia,0.02728360836396808
2017-02-01,Scala,0.2813770393014447
2017-02-01,Python,6.178195177444286
2017-02-01,R,0.6287092362131775
2017-02-01,MATLAB,0.33262277327202827
2017-02-01,Fortran,0.03107958865808538
2017-03-01,Julia,0.030014241656947292
2017-03-01,Scala,0.2744590889771187
2017-03-01,Python,6.0682149180852925
2017-03-01,R,0.6061265311795597
2017-03-01,MATLAB,0.3438544329423424
2017-03-01,Fortran,0.02830201981745701
2017-04-01,Julia,0.02649272006767888
2017-04-01,Scala,0.25591077073778884
2017-04-01,Python,6.242041052584709
2017-04-01,R,0.6073289104590587
2017-04-01,MATLAB,0.3465203259272452
2017-04-01,Fortran,0.02805111536577764
2017-05-01,Julia,0.02934734759759352
2017-05-01,Scala,0.2531480464992419
2017-05-01,Python,6.2379417726884885
2017-05-01,R,0.6197725037091787
2017-05-01,MATLAB,0.3346684564925572
2017-05-01,Fortran,0.031629919077406345
2017-06-01,Julia,0.02753509557945042
2017-06-01,Scala,0.2677671370967742
2017-06-01,Python,6.474131011051373
2017-06-01,R,0.6298069743130228
2017-06-01,MATLAB,0.32937107974910396
2017-06-01,Fortran,0.033368802270011946
2017-07-01,Julia,0.02549169779199224
2017-07-01,Scala,0.25851052122099616
2017-07-01,Python,6.542943965430113
2017-07-01,R,0.6025922922988122
2017-07-01,MATLAB,0.2957935329696368
2017-07-01,Fortran,0.030432819830968707
2017-08-01,Julia,0.027453959489422506
2017-08-01,Scala,0.24940102957860927
2017-08-01,Python,6.2975413821580135
2017-08-01,R,0.5777459747974857
2017-08-01,MATLAB,0.2822575754735808
2017-08-01,Fortran,0.02734370262400314
2017-09-01,Julia,0.02386790643780676
2017-09-01,Scala,0.22470511915593291
2017-09-01,Python,6.648843936531769
2017-09-01,R,0.5952696665429071
2017-09-01,MATLAB,0.3178307541034439
2017-09-01,Fortran,0.02702989404281535
2017-10-01,Julia,0.027036366769258892
2017-10-01,Scala,0.2119118043252475
2017-10-01,Python,6.893987930737398
2017-10-01,R,0.5864226031642069
2017-10-01,MATLAB,0.33871617241205326
2017-10-01,Fortran,0.02894033626005177
2017-11-01,Julia,0.026605237918050185
2017-11-01,Scala,0.22723334876626494
2017-11-01,Python,6.948038360776494
2017-11-01,R,0.582001414527596
2017-11-01,MATLAB,0.34274363438911626
2017-11-01,Fortran,0.027836085223867456
2017-12-01,Julia,0.027864526956786408
2017-12-01,Scala,0.2417783569788851
2017-12-01,Python,7.248099317747775
2017-12-01,R,0.5691865487211254
2017-12-01,MATLAB,0.33951854384268976
2017-12-01,Fortran,0.027221499411629796
2018-01-01,Julia,0.028704515533098975
2018-01-01,Scala,0.2319361655735337
2018-01-01,Python,7.180544962587527
2018-01-01,R,0.621103155012664
2018-01-01,MATLAB,0.324765832794357
2018-01-01,Fortran,0.025484457700860306
2018-02-01,Julia,0.03023418368190139
2018-02-01,Scala,0.21406968639082594
2018-02-01,Python,7.229566892888356
2018-02-01,R,0.65455549430946
2018-02-01,MATLAB,0.31945185716632785
2018-02-01,Fortran,0.03169242405241111
2018-03-01,Julia,0.030365694296777795
2018-03-01,Scala,0.21552432099823815
2018-03-01,Python,7.303870864877468
2018-03-01,R,0.5953759216869545
2018-03-01,MATLAB,0.33882987119016694
2018-03-01,Fortran,0.027401233375984182
2018-04-01,Julia,0.026290487983477436
2018-04-01,Scala,0.20417260379476232
2018-04-01,Python,7.222890251537614
2018-04-01,R,0.5750201602540066
2018-04-01,MATLAB,0.3275356627941564
2018-04-01,Fortran,0.029829592135099406
2018-05-01,Julia,0.02623763339932239
2018-05-01,Scala,0.2094778795591062
2018-05-01,Python,7.173961434064403
2018-05-01,R,0.5702030200362418
2018-05-01,MATLAB,0.3156979760628146
2018-05-01,Fortran,0.02793038394121416
2018-06-01,Julia,0.024859608145788612
2018-06-01,Scala,0.18830225573116002
2018-06-01,Python,7.3598354071317384
2018-06-01,R,0.5753886168967417
2018-06-01,MATLAB,0.2949759474015216
2018-06-01,Fortran,0.029219315544490348
2018-07-01,Julia,0.02591411114598769
2018-07-01,Scala,0.1877860589381784
2018-07-01,Python,7.442733464242177
2018-07-01,R,0.568468001547547
2018-07-01,MATLAB,0.2803103853537824
2018-07-01,Fortran,0.022811717558087755
2018-08-01,Julia,0.03692462872736115
2018-08-01,Scala,0.18534362419733963
2018-08-01,Python,7.316119851941245
2018-08-01,R,0.593315741599647
2018-08-01,MATLAB,0.2522582562569234
2018-08-01,Fortran,0.02602736024928627
2018-09-01,Julia,0.037287353400506304
2018-09-01,Scala,0.17389617729384105
2018-09-01,Python,7.423443880025014
2018-09-01,R,0.5867323905039311
2018-09-01,MATLAB,0.27564216179701634
2018-09-01,Fortran,0.02516478334877219
2018-10-01,Julia,0.206534040367949
2018-10-01,Scala,0.16654283095902658
2018-10-01,Python,7.394486744595954
2018-10-01,R,0.6100341308153573
2018-10-01,MATLAB,0.3055776898386448
2018-10-01,Fortran,0.024592725038384083
2018-11-01,Julia,0.04270882920178698
2018-11-01,Scala,0.17280892259281277
2018-11-01,Python,7.765033547351146
2018-11-01,R,0.6182122763016522
2018-11-01,MATLAB,0.3027511275209854
2018-11-01,Fortran,0.025183209825083267
2018-12-01,Julia,0.03619603351069098
2018-12-01,Scala,0.19035783240973558
2018-12-01,Python,8.055238828089875
2018-12-01,R,0.5613452654624109
2018-12-01,MATLAB,0.2940379961945962
2018-12-01,Fortran,0.024276758553175303
2019-01-01,Julia,0.04114921254234662
2019-01-01,Scala,0.17284335227807537
2019-01-01,Python,8.03983976796509
2019-01-01,R,0.6012449719244087
2019-01-01,MATLAB,0.30512057802148923
2019-01-01,Fortran,0.02590567834143684
2019-02-01,Julia,0.044621175860031524
2019-02-01,Scala,0.16954293538958934
2019-02-01,Python,8.28577540031945
2019-02-01,R,0.6139137417442059
2019-02-01,MATLAB,0.3145398408365287
2019-02-01,Fortran,0.02489668751325924
2019-03-01,Julia,0.04544052019134857
2019-03-01,Scala,0.16710384844560439
2019-03-01,Python,8.018859281702643
2019-03-01,R,0.566540679159878
2019-03-01,MATLAB,0.32387364310575695
2019-03-01,Fortran,0.023306589388465877
2019-04-01,Julia,0.24504508342640127
2019-04-01,Scala,0.1576322300091597
2019-04-01,Python,8.065642564353814
2019-04-01,R,0.5609942394244902
2019-04-01,MATLAB,0.31906832657259454
2019-04-01,Fortran,0.027920380508379156
2019-05-01,Julia,0.053606008725572106
2019-05-01,Scala,0.1483074300809322
2019-05-01,Python,8.045374794712492
2019-05-01,R,0.56070217047469
2019-05-01,MATLAB,0.31526702161376075
2019-05-01,Fortran,0.025627766547727547
2019-06-01,Julia,0.045761986548449575
2019-06-01,Scala,0.14602608680595353
2019-06-01,Python,8.280116128255594
2019-06-01,R,0.5294373254551257
2019-06-01,MATLAB,0.2593179237745476
2019-06-01,Fortran,0.02630283551163138
2019-07-01,Julia,0.050624735760720505
2019-07-01,Scala,0.15413632952724765
2019-07-01,Python,8.21969419227415
2019-07-01,R,0.5021911384091196
2019-07-01,MATLAB,0.24516724883812724
2019-07-01,Fortran,0.02176317608203547
2019-08-01,Julia,0.04450164091081885
2019-08-01,Scala,0.13392343346202537
2019-08-01,Python,7.062577816838779
2019-08-01,R,0.42639268164237565
2019-08-01,MATLAB,0.2096738755139835
2019-08-01,Fortran,0.020855784690179995
2019-09-01,Julia,0.046796264839575996
2019-09-01,Scala,0.1166644523947351
2019-09-01,Python,6.712921225694411
2019-09-01,R,0.4130407963787164
2019-09-01,MATLAB,0.21429012023496588
2019-09-01,Fortran,0.018327054290784517
2019-10-01,Julia,0.06809678011671301
2019-10-01,Scala,0.1259182425193863
2019-10-01,Python,7.418536186750556
2019-10-01,R,0.47704226499618774
2019-10-01,MATLAB,0.2528092961832971
2019-10-01,Fortran,0.020246631945415566
2019-11-01,Julia,0.04442951015531661
2019-11-01,Scala,0.12575915969733173
2019-11-01,Python,7.528188470728793
2019-11-01,R,0.45985165272799683
2019-11-01,MATLAB,0.248344782954998
2019-11-01,Fortran,0.018356730386300278
2019-12-01,Julia,0.037321793590549
2019-12-01,Scala,0.136021785480104
2019-12-01,Python,7.837851584354814
2019-12-01,R,0.4281352712256532
2019-12-01,MATLAB,0.24674997972388746
2019-12-01,Fortran,0.020001182200459957
2020-01-01,Julia,0.038119538766415786
2020-01-01,Scala,0.12013430399112854
2020-01-01,Python,7.446144920988592
2020-01-01,R,0.5559420274974074
2020-01-01,MATLAB,0.23128420490599746
2020-01-01,Fortran,0.018482200614019777
2020-02-01,Julia,0.04047369300432423
2020-02-01,Scala,0.12202426370752299
2020-02-01,Python,7.562428107924219
2020-02-01,R,0.49298285085594923
2020-02-01,MATLAB,0.23120069342112484
2020-02-01,Fortran,0.015320891241577279
2020-03-01,Julia,0.03423300616091463
2020-03-01,Scala,0.11907132577709437
2020-03-01,Python,7.416911823577355
2020-03-01,R,0.4894755318690298
2020-03-01,MATLAB,0.22567095665598447
2020-03-01,Fortran,0.01760407962997559
2020-04-01,Julia,0.038384228624252344
2020-04-01,Scala,0.12219062636172918
2020-04-01,Python,8.156823283304059
2020-04-01,R,0.5447166280578228
2020-04-01,MATLAB,0.23195254930676287
2020-04-01,Fortran,0.01712066374267692
2020-05-01,Julia,0.041147222562477034
2020-05-01,Scala,0.13334099948253492
2020-05-01,Python,8.621368057656108
2020-05-01,R,0.5764610888765008
2020-05-01,MATLAB,0.23888387533841465
2020-05-01,Fortran,0.016248903199034066
2020-06-01,Julia,0.03845351617026511
2020-06-01,Scala,0.10872878772482471
2020-06-01,Python,8.374737269960798
2020-06-01,R,0.5671225110841325
2020-06-01,MATLAB,0.22858181934869692
2020-06-01,Fortran,0.01636547419763717
2020-07-01,Julia,0.033259895207980714
2020-07-01,Scala,0.0956805721739726
2020-07-01,Python,8.145924287817953
2020-07-01,R,0.5196015454176581
2020-07-01,MATLAB,0.20013013388015854
2020-07-01,Fortran,0.01670777887202775
2020-08-01,Julia,0.039676165386963086
2020-08-01,Scala,0.09969908225442006
2020-08-01,Python,8.177198787761965
2020-08-01,R,0.49565757488139983
2020-08-01,MATLAB,0.1872972017862306
2020-08-01,Fortran,0.015634872190274252
2020-09-01,Julia,0.040048913337828486
2020-09-01,Scala,0.08839580251612515
2020-09-01,Python,7.974156028777579
2020-09-01,R,0.48898431285058325
2020-09-01,MATLAB,0.19691543865733782
2020-09-01,Fortran,0.016645640159023006
2020-10-01,Julia,0.03723031411158443
2020-10-01,Scala,0.08861390485063976
2020-10-01,Python,7.966999356625629
2020-10-01,R,0.4782847955907026
2020-10-01,MATLAB,0.2025117987951004
2020-10-01,Fortran,0.017127863579685106
2020-11-01,Julia,0.03472292041339893
2020-11-01,Scala,0.0863168643044945
2020-11-01,Python,8.033795014122127
2020-11-01,R,0.503580433340085
2020-11-01,MATLAB,0.20147140827435425
2020-11-01,Fortran,0.015841106346790753
2020-12-01,Julia,0.0459006447474097
2020-12-01,Scala,0.10706835118220268
2020-12-01,Python,8.395193113411391
2020-12-01,R,0.4556248181752629
2020-12-01,MATLAB,0.21587724685645232
2020-12-01,Fortran,0.015167602002123465
2021-01-01,Julia,0.03728068836866
2021-01-01,Scala,0.0873325949190272
2021-01-01,Python,8.12296429364599
2021-01-01,R,0.45262699732226996
2021-01-01,MATLAB,0.1868729719235098
2021-01-01,Fortran,0.014743244518588463
2021-02-01,Julia,0.0385350432017395
2021-02-01,Scala,0.08820568824124402
2021-02-01,Python,7.940319034992652
2021-02-01,R,0.45055231119904543
2021-02-01,MATLAB,0.17587413253417483
2021-02-01,Fortran,0.015287032347458129
2021-03-01,Julia,0.03857074827646848
2021-03-01,Scala,0.08563812655236394
2021-03-01,Python,7.504263134703201
2021-03-01,R,0.39041026867134443
2021-03-01,MATLAB,0.1803261520343501
2021-03-01,Fortran,0.01806027864994477
2021-04-01,Julia,0.0352819352866476
2021-04-01,Scala,0.07918297348578673
2021-04-01,Python,7.510702388417859
2021-04-01,R,0.37327965323818485
2021-04-01,MATLAB,0.1758055337057269
2021-04-01,Fortran,0.014459149278432063
2021-05-01,Julia,0.0335173835791018
2021-05-01,Scala,0.079786783209563
2021-05-01,Python,7.633988630287078
2021-05-01,R,0.36896089946788263
2021-05-01,MATLAB,0.1701296159601305
2021-05-01,Fortran,0.011519192747300504
2021-06-01,Julia,0.03137966171250722
2021-06-01,Scala,0.06516419243141178
2021-06-01,Python,7.249322466945657
2021-06-01,R,0.33101858226765957
2021-06-01,MATLAB,0.1605444002819127
2021-06-01,Fortran,0.01256737996891513
2021-07-01,Julia,0.029116900440705352
2021-07-01,Scala,0.06486991903563036
2021-07-01,Python,6.651142623973312
2021-07-01,R,0.2855022068821019
2021-07-01,MATLAB,0.12731653649809063
2021-07-01,Fortran,0.012973983807126072
2021-08-01,Julia,0.02794081979141402
2021-08-01,Scala,0.08102837739510066
2021-08-01,Python,6.7701770555420815
2021-08-01,R,0.30327431481930633
2021-08-01,MATLAB,0.1223963133640553
2021-08-01,Fortran,0.011525588163958283
2021-09-01,Julia,0.030301882504450588
2021-09-01,Scala,0.0639502107709218
2021-09-01,Python,6.953031714376809
2021-09-01,R,0.30290850265674696
2021-09-01,MATLAB,0.13312234789576594
2021-09-01,Fortran,0.011510302456180867
2021-10-01,Julia,0.031059190457694286
2021-10-01,Scala,0.06449646278337909
2021-10-01,Python,7.0621825170627375
2021-10-01,R,0.3143391850962006
2021-10-01,MATLAB,0.15425103752829378
2021-10-01,Fortran,0.012430882491768595
2021-11-01,Julia,0.032302230335646845
2021-11-01,Scala,0.07649553399439304
2021-11-01,Python,7.368279506161132
2021-11-01,R,0.32539310925266274
2021-11-01,MATLAB,0.15754746057053445
2021-11-01,Fortran,0.012298555586507743
2021-12-01,Julia,0.03851074631405249
2021-12-01,Scala,0.08504141229272101
2021-12-01,Python,7.533503970995128
2021-12-01,R,0.3091452051851051
2021-12-01,MATLAB,0.14095387108660076
2021-12-01,Fortran,0.012672986262482892
2022-01-01,Julia,0.028530071812525957
2022-01-01,Scala,0.06311813040374958
2022-01-01,Python,7.155497690688671
2022-01-01,R,0.31312007640508915
2022-01-01,MATLAB,0.12809765339313253
2022-01-01,Fortran,0.01055917248577473
2022-02-01,Julia,0.030128628465181866
2022-02-01,Scala,0.05381596394815245
2022-02-01,Python,6.878504401030745
2022-02-01,R,0.3166276437438596
2022-02-01,MATLAB,0.12712895988009498
2022-02-01,Fortran,0.009938984332766892
2022-03-01,Julia,0.02851569000681461
2022-03-01,Scala,0.06735654998414783
2022-03-01,Python,6.90185986679316
2022-03-01,R,0.2965449551826887
2022-03-01,MATLAB,0.1352597266137937
2022-03-01,Fortran,0.010446642558407057
2022-04-01,Julia,0.027691325409586045
2022-04-01,Scala,0.06914753369488232
2022-04-01,Python,7.096992663899042
2022-04-01,R,0.28951490743277825
2022-04-01,MATLAB,0.12491792769365187
2022-04-01,Fortran,0.010210570396066734
2022-05-01,Julia,0.026421076470144182
2022-05-01,Scala,0.05557325143720223
2022-05-01,Python,7.235753945823598
2022-05-01,R,0.2755647696886118
2022-05-01,MATLAB,0.1348671673476001
2022-05-01,Fortran,0.01009585848859168
2022-06-01,Julia,0.02677723953788676
2022-06-01,Scala,0.05100122619969374
2022-06-01,Python,7.260461794081433
2022-06-01,R,0.25902750427829435
2022-06-01,MATLAB,0.11384316261220748
2022-06-01,Fortran,0.010308758487172137
2022-07-01,Julia,0.02492930255927956
2022-07-01,Scala,0.057169912199898226
2022-07-01,Python,6.9981125876873715
2022-07-01,R,0.2470062291047997
2022-07-01,MATLAB,0.1092831054052139
2022-07-01,Fortran,0.009920187581728818
2022-08-01,Julia,0.023996250509920325
2022-08-01,Scala,0.05634562619734456
2022-08-01,Python,7.1826852776320615
2022-08-01,R,0.24594638022636056
2022-08-01,MATLAB,0.10275862718362083
2022-08-01,Fortran,0.01032750021945938
2022-09-01,Julia,0.022657835744153792
2022-09-01,Scala,0.05239087430601426
2022-09-01,Python,7.22827927057237
2022-09-01,R,0.25284540595909677
2022-09-01,MATLAB,0.10658635499873105
2022-09-01,Fortran,0.010054235583056865
2022-10-01,Julia,0.021499519060949088
2022-10-01,Scala,0.04075893575468366
2022-10-01,Python,7.268995590003352
2022-10-01,R,0.24064709454625224
2022-10-01,MATLAB,0.09883768737295273
2022-10-01,Fortran,0.009015046111960863
