year,month,tag,month count per tag,overall count,percent,running count
"2008","7","c#","3","4","75","3"
"2008","8","c#","507","3805","13.324572930354","510"
"2008","8","c++","164","3805","4.31011826544","164"
"2008","8","java","222","3805","5.834428383705","222"
"2008","8","javascript","164","3805","4.31011826544","164"
"2008","8","php","160","3805","4.204993429697","160"
"2008","8","python","121","3805","3.180026281208","121"
"2008","9","c#","1648","14218","11.590941060627","2158"
"2008","9","c++","754","14218","5.303136868757","918"
"2008","9","java","1135","14218","7.982838655225","1357"
"2008","9","javascript","639","14218","4.494302996201","803"
"2008","9","php","480","14218","3.376002250668","640"
"2008","9","python","537","14218","3.776902517935","658"
"2008","10","c#","1990","14702","13.535573391375","4148"
"2008","10","c++","810","14702","5.509454495986","1728"
"2008","10","java","1153","14702","7.842470412188","2510"
"2008","10","javascript","725","14702","4.931301863692","1528"
"2008","10","php","615","14702","4.183104339545","1255"
"2008","10","python","508","14702","3.455312202421","1166"
"2008","11","c#","1732","12803","13.5280793564","5880"
"2008","11","c++","734","12803","5.733031320784","2462"
"2008","11","java","957","12803","7.474810591267","3467"
"2008","11","javascript","580","12803","4.530188237131","2108"
"2008","11","php","502","12803","3.920956025931","1757"
"2008","11","python","452","12803","3.530422557213","1618"
"2008","12","c#","1596","12170","13.114215283483","7476"
"2008","12","c++","632","12170","5.193097781429","3094"
"2008","12","java","829","12170","6.811832374691","4296"
"2008","12","javascript","626","12170","5.143796220213","2734"
"2008","12","php","479","12170","3.935907970419","2236"
"2008","12","python","439","12170","3.607230895645","2057"
"2009","1","c#","2378","15958","14.901616743952","9854"
"2009","1","c++","851","15958","5.332748464719","3945"
"2009","1","java","1148","15958","7.193883945356","5444"
"2009","1","javascript","792","15958","4.963027948364","3526"
"2009","1","php","634","15958","3.972928938463","2870"
"2009","1","python","631","15958","3.954129590174","2688"
"2009","2","c#","2599","17695","14.68776490534","12453"
"2009","2","c++","843","17695","4.764057643402","4788"
"2009","2","java","1207","17695","6.8211359141","6651"
"2009","2","javascript","948","17695","5.357445606103","4474"
"2009","2","php","764","17695","4.317603842893","3634"
"2009","2","python","629","17695","3.554676462277","3317"
"2009","3","c#","3163","20577","15.371531321378","15616"
"2009","3","c++","1052","20577","5.11250425232","5840"
"2009","3","java","1436","20577","6.978665500315","8087"
"2009","3","javascript","1007","20577","4.893813481071","5481"
"2009","3","php","901","20577","4.378675219905","4535"
"2009","3","python","764","20577","3.712883316324","4081"
"2009","4","c#","3311","21453","15.43373887102","18927"
"2009","4","c++","1019","21453","4.749918426327","6859"
"2009","4","java","1532","21453","7.141192374026","9619"
"2009","4","javascript","1050","21453","4.894420360788","6531"
"2009","4","php","962","21453","4.484221321027","5497"
"2009","4","python","767","21453","3.575257539738","4848"
"2009","5","c#","3554","25942","13.699791843342","22481"
"2009","5","c++","1216","25942","4.687379538971","8075"
"2009","5","java","1816","25942","7.000231285174","11435"
"2009","5","javascript","1432","25942","5.520006167604","7963"
"2009","5","php","1177","25942","4.537044175468","6674"
"2009","5","python","998","25942","3.847043404517","5846"
"2009","6","c#","3880","28463","13.631732424551","26361"
"2009","6","c++","1252","28463","4.398693040087","9327"
"2009","6","java","2113","28463","7.423672838421","13548"
"2009","6","javascript","1556","28463","5.466746302216","9519"
"2009","6","php","1577","28463","5.540526297298","8251"
"2009","6","python","1044","28463","3.667919755472","6890"
"2009","7","c#","4408","32652","13.499938748009","30769"
"2009","7","c++","1465","32652","4.48670831802","10792"
"2009","7","java","2256","32652","6.909224549797","15804"
"2009","7","javascript","1753","32652","5.368736983951","11272"
"2009","7","php","2028","32652","6.210951855935","10279"
"2009","7","python","1161","32652","3.555678059536","8051"
"2009","8","c#","4456","32913","13.538723300823","35225"
"2009","8","c++","1400","32913","4.253638379971","12192"
"2009","8","java","2188","32913","6.647829125269","17992"
"2009","8","javascript","1856","32913","5.63910916659","13128"
"2009","8","php","2184","32913","6.635675872755","12463"
"2009","8","python","1138","32913","3.457600340291","9189"
"2009","9","c#","4351","33186","13.110950400771","39576"
"2009","9","c++","1461","33186","4.402458868197","13653"
"2009","9","java","2261","33186","6.813113963719","20253"
"2009","9","javascript","1756","33186","5.291387934671","14884"
"2009","9","php","2264","33186","6.822153920327","14727"
"2009","9","python","1165","33186","3.510516482854","10354"
"2009","10","c#","4722","36489","12.940886294499","44298"
"2009","10","c++","1685","36489","4.617830030968","15338"
"2009","10","java","2503","36489","6.859601523746","22756"
"2009","10","javascript","2044","36489","5.601688179999","16928"
"2009","10","php","2359","36489","6.464962043355","17086"
"2009","10","python","1420","36489","3.89158376497","11774"
"2009","11","c#","4680","38658","12.106161725904","48978"
"2009","11","c++","1750","38658","4.526876713746","17088"
"2009","11","java","2760","38658","7.139531274251","25516"
"2009","11","javascript","2229","38658","5.765947539965","19157"
"2009","11","php","2685","38658","6.945522272233","19771"
"2009","11","python","1554","38658","4.019866521806","13328"
"2009","12","c#","4486","37949","11.821128356478","53464"
"2009","12","c++","1653","37949","4.355846003847","18741"
"2009","12","java","2686","37949","7.077920366808","28202"
"2009","12","javascript","2307","37949","6.079211573427","21464"
"2009","12","php","2827","37949","7.449471659332","22598"
"2009","12","python","1588","37949","4.184563493109","14916"
"2010","1","c#","5113","45121","11.331752399104","58577"
"2010","1","c++","1999","45121","4.430309611932","20740"
"2010","1","java","3726","45121","8.257795704882","31928"
"2010","1","javascript","2623","45121","5.813257684891","24087"
"2010","1","php","3433","45121","7.608430664214","26031"
"2010","1","python","1946","45121","4.312847676248","16862"
"2010","2","c#","5097","44979","11.331954912292","63674"
"2010","2","c++","2277","44979","5.062362435803","23017"
"2010","2","java","3576","44979","7.950376842526","35504"
"2010","2","javascript","2641","44979","5.871628982414","26728"
"2010","2","php","3166","44979","7.038840347717","29197"
"2010","2","python","1863","44979","4.14193290202","18725"
"2010","3","c#","6034","52434","11.507800282259","69708"
"2010","3","c++","2435","52434","4.643933325704","25452"
"2010","3","java","4444","52434","8.475416714345","39948"
"2010","3","javascript","2988","52434","5.698592516306","29716"
"2010","3","php","3744","52434","7.140405080672","32941"
"2010","3","python","2073","52434","3.953541595148","20798"
"2010","4","c#","5779","50237","11.503473535442","75487"
"2010","4","c++","2490","50237","4.956506160797","27942"
"2010","4","java","3887","50237","7.737325079124","43835"
"2010","4","javascript","3007","50237","5.985628122698","32723"
"2010","4","php","3645","50237","7.255608416107","36586"
"2010","4","python","1812","50237","3.60690327846","22610"
"2010","5","c#","5931","52189","11.364463775891","81418"
"2010","5","c++","2421","52189","4.638908582268","30363"
"2010","5","java","4170","52189","7.990189503535","48005"
"2010","5","javascript","3233","52189","6.194792005978","35956"
"2010","5","php","3990","52189","7.645289237195","40576"
"2010","5","python","2008","52189","3.847554082277","24618"
"2010","6","c#","6145","55970","10.979095944255","87563"
"2010","6","c++","2825","55970","5.047346792924","33188"
"2010","6","java","4281","55970","7.648740396641","52286"
"2010","6","javascript","3472","55970","6.203323208861","39428"
"2010","6","php","4090","55970","7.307486153296","44666"
"2010","6","python","2205","55970","3.939610505628","26823"
"2010","7","c#","6683","61083","10.940850973265","94246"
"2010","7","c++","2684","61083","4.394021249774","35872"
"2010","7","java","4516","61083","7.393219062586","56802"
"2010","7","javascript","3880","61083","6.352012834995","43308"
"2010","7","php","4599","61083","7.529099749521","49265"
"2010","7","python","2593","61083","4.24504362916","29416"
"2010","8","c#","6964","63911","10.896402810157","101210"
"2010","8","c++","2636","63911","4.124485612805","38508"
"2010","8","java","4705","63911","7.361800003129","61507"
"2010","8","javascript","4002","63911","6.261832861322","47310"
"2010","8","php","5139","63911","8.040869333917","54404"
"2010","8","python","2491","63911","3.897607610583","31907"
"2010","9","c#","6408","61452","10.427650849443","107618"
"2010","9","c++","2733","61452","4.447373559851","41241"
"2010","9","java","4716","61452","7.674282366725","66223"
"2010","9","javascript","3997","61452","6.504263490203","51307"
"2010","9","php","4694","61452","7.638482067304","59098"
"2010","9","python","2248","61452","3.658139686259","34155"
"2010","10","c#","6736","64045","10.517604809118","114354"
"2010","10","c++","2934","64045","4.58115387618","44175"
"2010","10","java","5027","64045","7.84916855336","71250"
"2010","10","javascript","4112","64045","6.420485596065","55419"
"2010","10","php","4513","64045","7.046607853852","63611"
"2010","10","python","2673","64045","4.17362791787","36828"
"2010","11","c#","7318","69965","10.459515472021","121672"
"2010","11","c++","3375","69965","4.823840491674","47550"
"2010","11","java","5596","69965","7.998284856714","76846"
"2010","11","javascript","4547","69965","6.498963767598","59966"
"2010","11","php","5114","69965","7.309368970199","68725"
"2010","11","python","2606","69965","3.724719502608","39434"
"2010","12","c#","7107","69863","10.172766700542","128779"
"2010","12","c++","3137","69863","4.490216566709","50687"
"2010","12","java","5679","69863","8.128766299758","82525"
"2010","12","javascript","4954","69863","7.091020998239","64920"
"2010","12","php","5390","69863","7.71509955198","74115"
"2010","12","python","2482","69863","3.552667363268","41916"
"2011","1","c#","7985","80291","9.945074790449","136764"
"2011","1","c++","3491","80291","4.347934388661","54178"
"2011","1","java","6538","80291","8.142880273006","89063"
"2011","1","javascript","5424","80291","6.7554271338","70344"
"2011","1","php","6436","80291","8.015842373366","80551"
"2011","1","python","2902","80291","3.61435279172","44818"
"2011","2","c#","8222","83330","9.866794671786","144986"
"2011","2","c++","3443","83330","4.13176527061","57621"
"2011","2","java","6870","83330","8.24432977319","95933"
"2011","2","javascript","5591","83330","6.709468378735","75935"
"2011","2","php","6710","83330","8.052322092883","87261"
"2011","2","python","3011","83330","3.613344533781","47829"
"2011","3","c#","9987","101492","9.840184448035","154973"
"2011","3","c++","4179","101492","4.117565916525","61800"
"2011","3","java","8475","101492","8.350411855121","104408"
"2011","3","javascript","6769","101492","6.669491191423","82704"
"2011","3","php","8108","101492","7.988806999566","95369"
"2011","3","python","3749","101492","3.693887202932","51578"
"2011","4","c#","9281","96113","9.656342014087","164254"
"2011","4","c++","4164","96113","4.332400403691","65964"
"2011","4","java","7899","96113","8.218451198068","112307"
"2011","4","javascript","6880","96113","7.1582408207","89584"
"2011","4","php","7654","96113","7.963542913029","103023"
"2011","4","python","3341","96113","3.476116654354","54919"
"2011","5","c#","10015","100943","9.921440813132","174269"
"2011","5","c++","3882","100943","3.845734721575","69846"
"2011","5","java","8567","100943","8.486967892771","120874"
"2011","5","javascript","7311","100943","7.242701326491","96895"
"2011","5","php","8104","100943","8.028293195169","111127"
"2011","5","python","3513","100943","3.480181884826","58432"
"2011","6","c#","9762","99781","9.783425702288","184031"
"2011","6","c++","3811","99781","3.819364408053","73657"
"2011","6","java","7910","99781","7.927360920415","128784"
"2011","6","javascript","7688","99781","7.704873673344","104583"
"2011","6","php","8045","99781","8.06265721931","119172"
"2011","6","python","3470","99781","3.477615978993","61902"
"2011","7","c#","9609","101356","9.480445163581","193640"
"2011","7","c++","3850","101356","3.798492442479","77507"
"2011","7","java","8160","101356","8.05083073523","136944"
"2011","7","javascript","8115","101356","8.006432771616","112698"
"2011","7","php","8702","101356","8.585579541418","127874"
"2011","7","python","3662","101356","3.613007616717","65564"
"2011","8","c#","10072","107936","9.331455677438","203712"
"2011","8","c++","3952","107936","3.661428994959","81459"
"2011","8","java","8690","107936","8.05106729914","145634"
"2011","8","javascript","8913","107936","8.25767121257","121611"
"2011","8","php","8941","107936","8.283612511117","136815"
"2011","8","python","3827","107936","3.545619626445","69391"
"2011","9","c#","9306","102859","9.04733664531","213018"
"2011","9","c++","3944","102859","3.834375212669","85403"
"2011","9","java","8331","102859","8.099437093496","153965"
"2011","9","javascript","8199","102859","7.971106077251","129810"
"2011","9","php","8080","102859","7.855413721696","144895"
"2011","9","python","3520","102859","3.422160433214","72911"
"2011","10","c#","9229","102218","9.028742491537","222247"
"2011","10","c++","4355","102218","4.260502064215","89758"
"2011","10","java","8564","102218","8.378172141892","162529"
"2011","10","javascript","8042","102218","7.867498874953","137852"
"2011","10","php","8082","102218","7.906630926059","152977"
"2011","10","python","3625","102218","3.546342131522","76536"
"2011","11","c#","9914","109789","9.030048547668","232161"
"2011","11","c++","4483","109789","4.083287032398","94241"
"2011","11","java","9653","109789","8.79231981346","172182"
"2011","11","javascript","8697","109789","7.921558626091","146549"
"2011","11","php","8700","109789","7.924291140278","161677"
"2011","11","python","3877","109789","3.531319166765","80413"
"2011","12","c#","9323","104550","8.917264466762","241484"
"2011","12","c++","4362","104550","4.172166427546","98603"
"2011","12","java","9214","104550","8.813008130081","181396"
"2011","12","javascript","8346","104550","7.982783357245","154895"
"2011","12","php","8353","104550","7.989478718316","170030"
"2011","12","python","3621","104550","3.463414634146","84034"
"2012","1","c#","10457","117141","8.926848840286","251941"
"2012","1","c++","4548","117141","3.882500576228","103151"
"2012","1","java","10152","117141","8.666478858811","191548"
"2012","1","javascript","9613","117141","8.206349612859","164508"
"2012","1","php","9334","117141","7.968175105215","179364"
"2012","1","python","4212","117141","3.59566676057","88246"
"2012","2","c#","10765","124962","8.614618844128","262706"
"2012","2","c++","5105","124962","4.085241913541","108256"
"2012","2","java","10962","124962","8.772266769097","202510"
"2012","2","javascript","9999","124962","8.001632496278","174507"
"2012","2","php","9949","124962","7.961620332581","189313"
"2012","2","python","4493","124962","3.595493029881","92739"
"2012","3","c#","11604","134936","8.599632418331","274310"
"2012","3","c++","5235","134936","3.879617003616","113491"
"2012","3","java","12410","134936","9.196952629394","214920"
"2012","3","javascript","10723","134936","7.946730301772","185230"
"2012","3","php","10909","134936","8.084573427402","200222"
"2012","3","python","5041","134936","3.7358451414","97780"
"2012","4","c#","11133","130051","8.560487808628","285443"
"2012","4","c++","5310","130051","4.083013586977","118801"
"2012","4","java","12035","130051","9.254061868036","226955"
"2012","4","javascript","10681","130051","8.212931849812","195911"
"2012","4","php","10423","130051","8.014548138807","210645"
"2012","4","python","4920","130051","3.783131233131","102700"
"2012","5","c#","11579","135659","8.535371777766","297022"
"2012","5","c++","4989","135659","3.677603402649","123790"
"2012","5","java","12187","135659","8.983554353194","239142"
"2012","5","javascript","11527","135659","8.497040373288","207438"
"2012","5","php","10945","135659","8.068023500099","221590"
"2012","5","python","5102","135659","3.760900493148","107802"
"2012","6","c#","11323","131884","8.58557520245","308345"
"2012","6","c++","4650","131884","3.525825725637","128440"
"2012","6","java","11103","131884","8.418761942312","250245"
"2012","6","javascript","11239","131884","8.521882866761","218677"
"2012","6","php","10593","131884","8.03205847563","232183"
"2012","6","python","5280","131884","4.003518243304","113082"
"2012","7","c#","12317","143202","8.60113685563","320662"
"2012","7","c++","5280","143202","3.687099342187","133720"
"2012","7","java","12252","143202","8.555746428122","262497"
"2012","7","javascript","12313","143202","8.598343598553","230990"
"2012","7","php","11743","143202","8.200304465021","243926"
"2012","7","python","5724","143202","3.997150877781","118806"
"2012","8","c#","11945","142513","8.38169149481","332607"
"2012","8","c++","5161","142513","3.621424010441","138881"
"2012","8","java","12256","142513","8.599917200536","274753"
"2012","8","javascript","12435","142513","8.725519777143","243425"
"2012","8","php","11894","142513","8.345905285833","255820"
"2012","8","python","5860","142513","4.111905580543","124666"
"2012","9","c#","11275","133260","8.460903496923","343882"
"2012","9","c++","4909","133260","3.683776076842","143790"
"2012","9","java","11616","133260","8.71679423683","286369"
"2012","9","javascript","11173","133260","8.384361398769","254598"
"2012","9","php","10998","133260","8.253039171544","266818"
"2012","9","python","5247","133260","3.937415578568","129913"
"2012","10","c#","12717","151156","8.413162560533","356599"
"2012","10","c++","5913","151156","3.911852655534","149703"
"2012","10","java","13497","151156","8.929185741882","299866"
"2012","10","javascript","12427","151156","8.22130778798","267025"
"2012","10","php","11792","151156","7.801211992907","278610"
"2012","10","python","6128","151156","4.054089814496","136041"
"2012","11","c#","12230","149301","8.191505750128","368829"
"2012","11","c++","6271","149301","4.20023978406","155974"
"2012","11","java","13611","149301","9.116482809894","313477"
"2012","11","javascript","12349","149301","8.271210507632","279374"
"2012","11","php","11783","149301","7.892110568582","290393"
"2012","11","python","6390","149301","4.279944541563","142431"
"2012","12","c#","10954","136380","8.031969496993","379783"
"2012","12","c++","5683","136380","4.167033289338","161657"
"2012","12","java","12420","136380","9.106907171139","325897"
"2012","12","javascript","11747","136380","8.6134330547","291121"
"2012","12","php","11070","136380","8.117025956885","301463"
"2012","12","python","5755","136380","4.219826954098","148186"
"2013","1","c#","12757","158862","8.030240082587","392540"
"2013","1","c++","6039","158862","3.801412546738","167696"
"2013","1","java","13713","158862","8.632020243985","339610"
"2013","1","javascript","13794","158862","8.683007893643","304915"
"2013","1","php","12874","158862","8.103888909871","314337"
"2013","1","python","6566","158862","4.133147008095","154752"
"2013","2","c#","12485","154387","8.086820781542","405025"
"2013","2","c++","6066","154387","3.929087293619","173762"
"2013","2","java","13695","154387","8.87056552689","353305"
"2013","2","javascript","13623","154387","8.823929475927","318538"
"2013","2","php","12560","154387","8.135400001295","326897"
"2013","2","python","6723","154387","4.354641258655","161475"
"2013","3","c#","14231","175030","8.130606181797","419256"
"2013","3","c++","7184","175030","4.104439238987","180946"
"2013","3","java","15906","175030","9.087584985431","369211"
"2013","3","javascript","15291","175030","8.736216648574","333829"
"2013","3","php","14126","175030","8.070616465748","341023"
"2013","3","python","7618","175030","4.352396731988","169093"
"2013","4","c#","13880","172834","8.030827267782","433136"
"2013","4","c++","7122","172834","4.120716988555","188068"
"2013","4","java","16224","172834","9.387041901477","385435"
"2013","4","javascript","15320","172834","8.863996667322","349149"
"2013","4","php","13426","172834","7.768147470983","354449"
"2013","4","python","7930","172834","4.588217596074","177023"
"2013","5","c#","13458","167852","8.01777756595","446594"
"2013","5","c++","6831","167852","4.069656602244","194899"
"2013","5","java","15266","167852","9.094916950646","400701"
"2013","5","javascript","15044","167852","8.962657579296","364193"
"2013","5","php","13103","167852","7.806281724376","367552"
"2013","5","python","7803","167852","4.648738174105","184826"
"2013","6","c#","12787","159847","7.999524545346","459381"
"2013","6","c++","6189","159847","3.871827434984","201088"
"2013","6","java","13940","159847","8.720839302583","414641"
"2013","6","javascript","14613","159847","9.141866910232","378806"
"2013","6","php","12740","159847","7.970121428616","380292"
"2013","6","python","7599","159847","4.753920936895","192425"
"2013","7","c#","14176","178441","7.944362562415","473557"
"2013","7","c++","6576","178441","3.685251707847","207664"
"2013","7","java","15195","178441","8.515419662521","429836"
"2013","7","javascript","16816","178441","9.423843175055","395622"
"2013","7","php","14341","178441","8.036830100705","394633"
"2013","7","python","8610","178441","4.825124270767","201035"
"2013","8","c#","13852","171894","8.058454629015","487409"
"2013","8","c++","6249","171894","3.635379943453","213913"
"2013","8","java","15072","171894","8.768194352333","444908"
"2013","8","javascript","16842","171894","9.797898705015","412464"
"2013","8","php","14343","171894","8.344095779957","408976"
"2013","8","python","7937","171894","4.617380478667","208972"
"2013","9","c#","13760","167154","8.231929837156","501169"
"2013","9","c++","6555","167154","3.921533436232","220468"
"2013","9","java","16280","167154","9.739521638728","461188"
"2013","9","javascript","17719","167154","10.600404417483","430183"
"2013","9","php","14291","167154","8.549600966773","423267"
"2013","9","python","7965","167154","4.765066944254","216937"
"2013","10","c#","15208","186109","8.171555378837","516377"
"2013","10","c++","7976","186109","4.285660553761","228444"
"2013","10","java","18734","186109","10.066144033872","479922"
"2013","10","javascript","19749","186109","10.611523354593","449932"
"2013","10","php","15362","186109","8.254302586118","438629"
"2013","10","python","9487","186109","5.097550360272","226424"
"2013","11","c#","14591","178088","8.19314046988","530968"
"2013","11","c++","8134","178088","4.567404878487","236578"
"2013","11","java","18775","178088","10.542540766362","498697"
"2013","11","javascript","18509","178088","10.393176407169","468441"
"2013","11","php","14938","178088","8.387987961008","453567"
"2013","11","python","9492","178088","5.329949238578","235916"
"2013","12","c#","13636","166966","8.166932189787","544604"
"2013","12","c++","7014","166966","4.200855263945","243592"
"2013","12","java","17458","166966","10.456020986308","516155"
"2013","12","javascript","18032","166966","10.799803552819","486473"
"2013","12","php","14477","166966","8.670627552914","468044"
"2013","12","python","8460","166966","5.066899847873","244376"
"2014","1","c#","15340","190808","8.039495199362","559944"
"2014","1","c++","7693","190808","4.031801601609","251285"
"2014","1","java","18690","190808","9.795186784621","534845"
"2014","1","javascript","21128","190808","11.072910989057","507601"
"2014","1","php","16845","190808","8.828246195128","484889"
"2014","1","python","9841","190808","5.157540564336","254217"
"2014","2","c#","15121","189777","7.967772701644","575065"
"2014","2","c++","7676","189777","4.044747255989","258961"
"2014","2","java","19261","189777","10.149280471289","554106"
"2014","2","javascript","21169","189777","11.154671008604","528770"
"2014","2","php","16584","189777","8.738677500434","501473"
"2014","2","python","9896","189777","5.214541277393","264113"
"2014","3","c#","16172","209692","7.712263701047","591237"
"2014","3","c++","8668","209692","4.133681780897","267629"
"2014","3","java","21988","209692","10.485855445129","576094"
"2014","3","javascript","22664","209692","10.808233027487","551434"
"2014","3","php","18385","209692","8.767621082349","519858"
"2014","3","python","11423","209692","5.447513495984","275536"
"2014","4","c#","15333","196571","7.800235029582","606570"
"2014","4","c++","8141","196571","4.141506122469","275770"
"2014","4","java","20910","196571","10.63737784312","597004"
"2014","4","javascript","21456","196571","10.915140076613","572890"
"2014","4","php","17753","196571","9.031342364845","537611"
"2014","4","python","10774","196571","5.480971252117","286310"
"2014","5","c#","13912","178182","7.807747134951","620482"
"2014","5","c++","6783","178182","3.806781829814","282553"
"2014","5","java","17977","178182","10.089122358038","614981"
"2014","5","javascript","19808","178182","11.116723350282","592698"
"2014","5","php","14798","178182","8.304991525518","552409"
"2014","5","python","9245","178182","5.18851511376","295555"
"2014","6","c#","12508","164370","7.609661130376","632990"
"2014","6","c++","5674","164370","3.451968120703","288227"
"2014","6","java","15928","164370","9.690332785788","630909"
"2014","6","javascript","18308","164370","11.138285575226","611006"
"2014","6","php","13059","164370","7.944880452637","565468"
"2014","6","python","8916","164370","5.424347508669","304471"
"2014","7","c#","13696","179074","7.648234807956","646686"
"2014","7","c++","6270","179074","3.501345812345","294497"
"2014","7","java","17387","179074","9.709393881858","648296"
"2014","7","javascript","20147","179074","11.250656153322","631153"
"2014","7","php","14317","179074","7.995018819035","579785"
"2014","7","python","9916","179074","5.537375610082","314387"
"2014","8","c#","12492","165118","7.565498613113","659178"
"2014","8","c++","5880","165118","3.561089644981","300377"
"2014","8","java","15740","165118","9.532576702721","664036"
"2014","8","javascript","18456","165118","11.177460967308","649609"
"2014","8","php","13221","165118","8.007001053791","593006"
"2014","8","python","9116","165118","5.520900204702","323503"
"2014","9","c#","12322","167690","7.348082771781","671500"
"2014","9","c++","6190","167690","3.69133520186","306567"
"2014","9","java","16706","167690","9.962430675651","680742"
"2014","9","javascript","18135","167690","10.814598366032","667744"
"2014","9","php","13385","167690","7.981990577851","606391"
"2014","9","python","8776","167690","5.233466515594","332279"
"2014","10","c#","12554","174695","7.186238873465","684054"
"2014","10","c++","6837","174695","3.913678124731","313404"
"2014","10","java","17902","174695","10.247574343856","698644"
"2014","10","javascript","18920","174695","10.83030424454","686664"
"2014","10","php","13632","174695","7.803314347863","620023"
"2014","10","python","9582","174695","5.484988122155","341861"
"2014","11","c#","11873","168311","7.054203230923","695927"
"2014","11","c++","6555","168311","3.894576112078","319959"
"2014","11","java","17847","168311","10.603585030093","716491"
"2014","11","javascript","17977","168311","10.680823000279","704641"
"2014","11","php","13055","168311","7.756474621385","633078"
"2014","11","python","9569","168311","5.685308743932","351430"
"2014","12","c#","11083","156844","7.066256917701","707010"
"2014","12","c++","6081","156844","3.877100813547","326040"
"2014","12","java","16379","156844","10.44286042182","732870"
"2014","12","javascript","16990","156844","10.832419474127","721631"
"2014","12","php","12359","156844","7.879804136594","645437"
"2014","12","python","9043","156844","5.765601489377","360473"
"2015","1","c#","11744","167504","7.011175852516","718754"
"2015","1","c++","6128","167504","3.65842009743","332168"
"2015","1","java","16540","167504","9.874391059317","749410"
"2015","1","javascript","18542","167504","11.069586397936","740173"
"2015","1","php","13639","167504","8.142492119591","659076"
"2015","1","python","9680","167504","5.778966472442","370153"
"2015","2","c#","11788","169872","6.939342563812","730542"
"2015","2","c++","6473","169872","3.810516153338","338641"
"2015","2","java","16758","169872","9.865074879909","766168"
"2015","2","javascript","18671","169872","10.991216916266","758844"
"2015","2","php","13539","169872","7.970118677592","672615"
"2015","2","python","10200","169872","6.004521051144","380353"
"2015","3","c#","13274","191537","6.930253684666","743816"
"2015","3","c++","7392","191537","3.859306556957","346033"
"2015","3","java","19770","191537","10.321765507447","785938"
"2015","3","javascript","20546","191537","10.726909161154","779390"
"2015","3","php","14946","191537","7.803192072549","687561"
"2015","3","python","11607","191537","6.059925758469","391960"
"2015","4","c#","13093","191523","6.836254653488","756909"
"2015","4","c++","7145","191523","3.73062243177","353178"
"2015","4","java","19824","191523","10.350715057721","805762"
"2015","4","javascript","20911","191523","10.918270912631","800301"
"2015","4","php","14991","191523","7.82725834495","702552"
"2015","4","python","11452","191523","5.979438500858","403412"
"2015","5","c#","13362","187350","7.132105684547","770271"
"2015","5","c++","6817","187350","3.638644248732","359995"
"2015","5","java","18552","187350","9.902321857485","824314"
"2015","5","javascript","22160","187350","11.828129170002","822461"
"2015","5","php","14608","187350","7.797171070189","717160"
"2015","5","python","11221","187350","5.989324793167","414633"
"2015","6","c#","13536","189483","7.143648770602","783807"
"2015","6","c++","6518","189483","3.439886427806","366513"
"2015","6","java","17858","189483","9.424592179773","842172"
"2015","6","javascript","22623","189483","11.939329649625","845084"
"2015","6","php","14393","189483","7.595932088894","731553"
"2015","6","python","11813","189483","6.234332367547","426446"
"2015","7","c#","14125","197006","7.169832390891","797932"
"2015","7","c++","6700","197006","3.40091164736","373213"
"2015","7","java","18704","197006","9.494127082423","860876"
"2015","7","javascript","23981","197006","12.172725703785","869065"
"2015","7","php","15400","197006","7.817020801396","746953"
"2015","7","python","12324","197006","6.25564703613","438770"
"2015","8","c#","13228","182827","7.235255186597","811160"
"2015","8","c++","5872","182827","3.211779441767","379085"
"2015","8","java","17101","182827","9.35365126595","877977"
"2015","8","javascript","22171","182827","12.126764646359","891236"
"2015","8","php","14273","182827","7.806833782756","761226"
"2015","8","python","11226","182827","6.140230928692","449996"
"2015","9","c#","12921","179219","7.209615051975","824081"
"2015","9","c++","5912","179219","3.298757386214","384997"
"2015","9","java","16951","179219","9.458260563891","894928"
"2015","9","javascript","21405","179219","11.943488134628","912641"
"2015","9","php","13529","179219","7.548864796701","774755"
"2015","9","python","10968","179219","6.119886842354","460964"
"2015","10","c#","12799","187971","6.809029052353","836880"
"2015","10","c++","7049","187971","3.750046549733","392046"
"2015","10","java","18552","187971","9.869607545844","913480"
"2015","10","javascript","21835","187971","11.616153555601","934476"
"2015","10","php","13939","187971","7.415505583308","788694"
"2015","10","python","12488","187971","6.643577998733","473452"
"2015","11","c#","12387","179656","6.894843478648","849267"
"2015","11","c++","7086","179656","3.944204479672","399132"
"2015","11","java","17790","179656","9.902257647949","931270"
"2015","11","javascript","21281","179656","11.845415683305","955757"
"2015","11","php","13347","179656","7.429198022888","802041"
"2015","11","python","12297","179656","6.844747740125","485749"
"2015","12","c#","12149","173917","6.985516079509","861416"
"2015","12","c++","6562","173917","3.77306416279","405694"
"2015","12","java","16566","173917","9.525233300942","947836"
"2015","12","javascript","21090","173917","12.126474122713","976847"
"2015","12","php","13778","173917","7.922169770637","815819"
"2015","12","python","11660","173917","6.704347476094","497409"
"2016","1","c#","12367","182648","6.770947396084","873783"
"2016","1","c++","6098","182648","3.338662345057","411792"
"2016","1","java","16641","182648","9.110967544128","964477"
"2016","1","javascript","22528","182648","12.334107135035","999375"
"2016","1","php","14607","182648","7.99735009417","830426"
"2016","1","python","12353","182648","6.763282379221","509762"
"2016","2","c#","12742","189964","6.707586700638","886525"
"2016","2","c++","6558","189964","3.452233054684","418350"
"2016","2","java","17854","189964","9.398622896969","982331"
"2016","2","javascript","22481","189964","11.83434756059","1021856"
"2016","2","php","14938","189964","7.863595207513","845364"
"2016","2","python","13252","189964","6.976058621633","523014"
"2016","3","c#","13609","203347","6.692500995834","900134"
"2016","3","c++","7023","203347","3.453702292141","425373"
"2016","3","java","19908","203347","9.790161644873","1002239"
"2016","3","javascript","24102","203347","11.852645969697","1045958"
"2016","3","php","15153","203347","7.451794223666","860517"
"2016","3","python","14062","203347","6.915272907886","537076"
"2016","4","c#","13718","198410","6.913966029938","913852"
"2016","4","c++","6893","198410","3.474119248021","432266"
"2016","4","java","19488","198410","9.822085580363","1021727"
"2016","4","javascript","23465","198410","11.826520840683","1069423"
"2016","4","php","14491","198410","7.303563328461","875008"
"2016","4","python","13664","198410","6.886749659795","550740"
"2016","5","c#","13495","191057","7.063337119289","927347"
"2016","5","c++","6138","191057","3.212653815353","438404"
"2016","5","java","17040","191057","8.918804335878","1038767"
"2016","5","javascript","23009","191057","12.043002873488","1092432"
"2016","5","php","14466","191057","7.571562413311","889474"
"2016","5","python","13107","191057","6.860256363284","563847"
"2016","6","c#","13065","185823","7.03088422854","940412"
"2016","6","c++","5717","185823","3.076583630659","444121"
"2016","6","java","15919","185823","8.566754384548","1054686"
"2016","6","javascript","22148","185823","11.918869031282","1114580"
"2016","6","php","13644","185823","7.342471061171","903118"
"2016","6","python","12909","185823","6.946933372079","576756"
"2016","7","c#","12004","178189","6.736667246575","952416"
"2016","7","c++","5470","178189","3.069774228487","449591"
"2016","7","java","14949","178189","8.389406753503","1069635"
"2016","7","javascript","22209","178189","12.463732329156","1136789"
"2016","7","php","12938","178189","7.260829793084","916056"
"2016","7","python","12826","178189","7.197975183653","589582"
"2016","8","c#","12721","183112","6.947114334396","965137"
"2016","8","c++","5015","183112","2.738760976888","454606"
"2016","8","java","15181","183112","8.290554414784","1084816"
"2016","8","javascript","22670","183112","12.380401066014","1159459"
"2016","8","php","12888","183112","7.038315347983","928944"
"2016","8","python","12917","183112","7.054152649744","602499"
"2016","9","c#","11108","172890","6.424894441552","976245"
"2016","9","c++","5143","172890","2.974723812828","459749"
"2016","9","java","14681","172890","8.491526404071","1099497"
"2016","9","javascript","20457","172890","11.832378969286","1179916"
"2016","9","php","12152","172890","7.028746601885","941096"
"2016","9","python","12338","172890","7.136329458036","614837"
"2016","10","c#","11455","176588","6.486850748635","987700"
"2016","10","c++","5973","176588","3.38244954357","465722"
"2016","10","java","15332","176588","8.682356672027","1114829"
"2016","10","javascript","20449","176588","11.580062065372","1200365"
"2016","10","php","12277","176588","6.952341042426","953373"
"2016","10","python","13501","176588","7.645479874057","628338"
"2016","11","c#","11654","176512","6.602383973894","999354"
"2016","11","c++","6085","176512","3.447357686729","471807"
"2016","11","java","15650","176512","8.866252719361","1130479"
"2016","11","javascript","20518","176512","11.624138868745","1220883"
"2016","11","php","11951","176512","6.770644488759","965324"
"2016","11","python","14182","176512","8.034581218274","642520"
"2016","12","c#","10687","163507","6.536111603784","1010041"
"2016","12","c++","5231","163507","3.199251408196","477038"
"2016","12","java","13849","163507","8.469973762591","1144328"
"2016","12","javascript","19807","163507","12.113854452714","1240690"
"2016","12","php","11482","163507","7.022329319234","976806"
"2016","12","python","13052","163507","7.98253285792","655572"
"2017","1","c#","11694","178159","6.563799751907","1021735"
"2017","1","c++","5650","178159","3.171324491044","482688"
"2017","1","java","14576","178159","8.181455890524","1158904"
"2017","1","javascript","21404","178159","12.013987505542","1262094"
"2017","1","php","12627","178159","7.087489265206","989433"
"2017","1","python","14275","178159","8.012505683125","669847"
"2017","2","c#","11489","176488","6.509791033951","1033224"
"2017","2","c++","5169","176488","2.928811023978","487857"
"2017","2","java","14567","176488","8.253818956529","1173471"
"2017","2","javascript","21182","176488","12.001949141018","1283276"
"2017","2","php","12503","176488","7.084334345677","1001936"
"2017","2","python","14778","176488","8.373373827115","684625"
"2017","3","c#","12988","203030","6.397084174752","1046212"
"2017","3","c++","6224","203030","3.065556814263","494081"
"2017","3","java","17310","203030","8.525833620647","1190781"
"2017","3","javascript","23713","203030","11.679554745604","1306989"
"2017","3","php","14068","203030","6.929025267201","1016004"
"2017","3","python","17125","203030","8.434714081662","701750"
"2017","4","c#","11091","180019","6.161016337164","1057303"
"2017","4","c++","5877","180019","3.264655397485","499958"
"2017","4","java","15936","180019","8.852398913448","1206717"
"2017","4","javascript","21237","180019","11.797088085146","1328226"
"2017","4","php","12416","180019","6.897049755859","1028420"
"2017","4","python","15646","180019","8.691304806714","717396"
"2017","5","c#","11981","187928","6.375313950023","1069284"
"2017","5","c++","5301","187928","2.820761142565","505259"
"2017","5","java","16338","187928","8.693755055127","1223055"
"2017","5","javascript","22390","187928","11.914137329189","1350616"
"2017","5","php","13044","187928","6.94095611085","1041464"
"2017","5","python","16179","187928","8.609148184411","733575"
"2017","6","c#","11302","179606","6.292662828636","1080586"
"2017","6","c++","4689","179606","2.610714564101","509948"
"2017","6","java","14623","179606","8.141710187855","1237678"
"2017","6","javascript","21579","179606","12.014632027883","1372195"
"2017","6","php","11758","179606","6.546551896929","1053222"
"2017","6","python","16027","179606","8.92342126655","749602"
"2017","7","c#","11205","181153","6.185379209839","1091791"
"2017","7","c++","5024","181153","2.773346287392","514972"
"2017","7","java","14144","181153","7.807764707181","1251822"
"2017","7","javascript","21609","181153","11.928590749256","1393804"
"2017","7","php","11780","181153","6.502790458893","1065002"
"2017","7","python","16912","181153","9.335754859152","766514"
"2017","8","c#","10952","178939","6.120521518506","1102743"
"2017","8","c++","4790","178939","2.67688988985","519762"
"2017","8","java","13756","178939","7.687535975947","1265578"
"2017","8","javascript","21347","178939","11.929763774247","1415151"
"2017","8","php","11648","178939","6.509480884547","1076650"
"2017","8","python","16456","178939","9.196430068347","782970"
"2017","9","c#","9873","163602","6.034767301133","1112616"
"2017","9","c++","4470","163602","2.732240437158","524232"
"2017","9","java","12757","163602","7.797581936651","1278335"
"2017","9","javascript","18996","163602","11.611104998716","1434147"
"2017","9","php","10692","163602","6.535372428209","1087342"
"2017","9","python","15450","163602","9.443649833131","798420"
"2017","10","c#","10233","171513","5.966311591541","1122849"
"2017","10","c++","5219","171513","3.042918029537","529451"
"2017","10","java","14012","171513","8.169643117431","1292347"
"2017","10","javascript","19861","171513","11.579880242313","1454008"
"2017","10","php","10828","171513","6.313224070478","1098170"
"2017","10","python","16936","171513","9.874470156781","815356"
"2017","11","c#","9794","170500","5.744281524926","1132643"
"2017","11","c++","5036","170500","2.953665689149","534487"
"2017","11","java","14177","170500","8.31495601173","1306524"
"2017","11","javascript","19403","170500","11.380058651026","1473411"
"2017","11","php","10603","170500","6.218768328445","1108773"
"2017","11","python","16985","170500","9.961876832844","832341"
"2017","12","c#","8613","146511","5.878739480312","1141256"
"2017","12","c++","4459","146511","3.043457487833","538946"
"2017","12","java","11978","146511","8.175495355297","1318502"
"2017","12","javascript","16972","146511","11.584113138262","1490383"
"2017","12","php","9134","146511","6.234344178935","1117907"
"2017","12","python","14940","146511","10.19718655937","847281"
"2018","1","c#","9378","161779","5.796796864858","1150634"
"2018","1","c++","4758","161779","2.941049209106","543704"
"2018","1","java","12348","161779","7.632634643556","1330850"
"2018","1","javascript","18910","161779","11.688785318242","1509293"
"2018","1","php","10121","161779","6.256065373132","1128028"
"2018","1","python","16243","161779","10.040240080603","863524"
"2018","2","c#","8582","154378","5.559082252652","1159216"
"2018","2","c++","4570","154378","2.960266359196","548274"
"2018","2","java","12031","154378","7.793208876912","1342881"
"2018","2","javascript","17215","154378","11.15120030056","1526508"
"2018","2","php","9125","154378","5.910816308023","1137153"
"2018","2","python","16315","154378","10.568215678399","879839"
"2018","3","c#","9790","174522","5.609607957735","1169006"
"2018","3","c++","5185","174522","2.970972141048","553459"
"2018","3","java","13565","174522","7.772659034391","1356446"
"2018","3","javascript","19155","174522","10.975693608828","1545663"
"2018","3","php","9828","174522","5.631381716918","1146981"
"2018","3","python","17906","174522","10.260024524128","897745"
"2018","4","c#","9239","163829","5.639416708885","1178245"
"2018","4","c++","4663","163829","2.846260430082","558122"
"2018","4","java","13492","163829","8.235416196155","1369938"
"2018","4","javascript","17957","163829","10.960818902636","1563620"
"2018","4","php","8929","163829","5.450195020417","1155910"
"2018","4","python","16978","163829","10.363244602603","914723"
"2018","5","c#","9928","169012","5.874139114382","1188173"
"2018","5","c++","4686","169012","2.772584195205","562808"
"2018","5","java","13478","169012","7.974581686507","1383416"
"2018","5","javascript","18069","169012","10.690956855134","1581689"
"2018","5","php","9472","169012","5.604335786808","1165382"
"2018","5","python","17571","169012","10.396303221073","932294"
"2018","6","c#","8788","155794","5.640782058359","1196961"
"2018","6","c++","4098","155794","2.630396549289","566906"
"2018","6","java","11793","155794","7.569611153189","1395209"
"2018","6","javascript","17185","155794","11.030591678755","1598874"
"2018","6","php","8433","155794","5.412917057139","1173815"
"2018","6","python","16805","155794","10.786679846463","949099"
"2018","7","c#","9407","160961","5.844272836277","1206368"
"2018","7","c++","3914","160961","2.431644932623","570820"
"2018","7","java","11758","160961","7.304875093966","1406967"
"2018","7","javascript","17800","160961","11.058579407434","1616674"
"2018","7","php","8557","160961","5.316194606146","1182372"
"2018","7","python","17929","160961","11.138723044712","967028"
"2018","8","c#","9483","159445","5.947505409388","1215851"
"2018","8","c++","3903","159445","2.447866035309","574723"
"2018","8","java","11307","159445","7.091473548872","1418274"
"2018","8","javascript","17856","159445","11.198845997052","1634530"
"2018","8","php","8481","159445","5.31907554329","1190853"
"2018","8","python","17724","159445","11.116058829063","984752"
"2018","9","c#","8357","145405","5.747395206492","1224208"
"2018","9","c++","3739","145405","2.571438396203","578462"
"2018","9","java","10720","145405","7.372511261648","1428994"
"2018","9","javascript","16007","145405","11.00856229153","1650537"
"2018","9","php","7664","145405","5.270795364671","1198517"
"2018","9","python","15987","145405","10.99480760634","1000739"
"2018","10","c#","9332","161440","5.780475718533","1233540"
"2018","10","c++","4312","161440","2.670961347869","582774"
"2018","10","java","12499","161440","7.742195242814","1441493"
"2018","10","javascript","17409","161440","10.7835728444","1667946"
"2018","10","php","8160","161440","5.054509415262","1206677"
"2018","10","python","18138","161440","11.235133795837","1018877"
"2018","11","c#","8474","150676","5.623987894555","1242014"
"2018","11","c++","4344","150676","2.883007247338","587118"
"2018","11","java","11707","150676","7.769651437521","1453200"
"2018","11","javascript","16170","150676","10.731636093339","1684116"
"2018","11","php","7085","150676","4.702142345164","1213762"
"2018","11","python","18002","150676","11.947489978496","1036879"
"2018","12","c#","7544","133057","5.669750558031","1249558"
"2018","12","c++","3558","133057","2.674041951945","590676"
"2018","12","java","10442","133057","7.847764491909","1463642"
"2018","12","javascript","14274","133057","10.727733227113","1698390"
"2018","12","php","6206","133057","4.66416648504","1219968"
"2018","12","python","15724","133057","11.817491751655","1052603"
"2019","1","c#","8749","150472","5.814370779945","1258307"
"2019","1","c++","3904","150472","2.594502631718","594580"
"2019","1","java","11023","150472","7.325615396884","1474665"
"2019","1","javascript","16011","150472","10.640517837205","1714401"
"2019","1","php","7173","150472","4.766999840501","1227141"
"2019","1","python","16935","150472","11.254585570737","1069538"
"2019","2","c#","8354","147314","5.670879889216","1266661"
"2019","2","c++","3735","147314","2.535400572925","598315"
"2019","2","java","10991","147314","7.460933787691","1485656"
"2019","2","javascript","15689","147314","10.650040050504","1730090"
"2019","2","php","7283","147314","4.943861411678","1234424"
"2019","2","python","17513","147314","11.888211575274","1087051"
"2019","3","c#","8958","162151","5.524480268391","1275619"
"2019","3","c++","4424","162151","2.728321132771","602739"
"2019","3","java","12045","162151","7.428261311986","1497701"
"2019","3","javascript","17318","162151","10.68016848493","1747408"
"2019","3","php","7786","162151","4.801697183489","1242210"
"2019","3","python","19892","162151","12.267577751601","1106943"
"2019","4","c#","9122","154502","5.904130690864","1284741"
"2019","4","c++","4376","154502","2.832325795135","607115"
"2019","4","java","11167","154502","7.227738152256","1508868"
"2019","4","javascript","16168","154502","10.464589455152","1763576"
"2019","4","php","7161","154502","4.634891457715","1249371"
"2019","4","python","19814","154502","12.824429457223","1126757"
"2019","5","c#","9022","152358","5.921579437902","1293763"
"2019","5","c++","4122","152358","2.70547001142","611237"
"2019","5","java","11100","152358","7.285472374276","1519968"
"2019","5","javascript","16136","152358","10.590845246065","1779712"
"2019","5","php","6949","152358","4.560968245842","1256320"
"2019","5","python","18897","152358","12.403024455558","1145654"
"2019","6","c#","7605","136800","5.559210526315","1301368"
"2019","6","c++","3642","136800","2.662280701754","614879"
"2019","6","java","9636","136800","7.043859649122","1529604"
"2019","6","javascript","14806","136800","10.823099415204","1794518"
"2019","6","php","6006","136800","4.390350877192","1262326"
"2019","6","python","17228","136800","12.593567251461","1162882"
"2019","7","c#","8445","152047","5.554203634402","1309813"
"2019","7","c++","4262","152047","2.803080626385","619141"
"2019","7","java","10829","152047","7.122139864647","1540433"
"2019","7","javascript","16147","152047","10.619742579597","1810665"
"2019","7","php","6663","152047","4.382197609949","1268989"
"2019","7","python","19751","152047","12.990062283372","1182633"
"2019","8","c#","7708","138092","5.581786055673","1317521"
"2019","8","c++","3291","138092","2.38319381282","622432"
"2019","8","java","9084","138092","6.578223213509","1549517"
"2019","8","javascript","15216","138092","11.018741129102","1825881"
"2019","8","php","5808","138092","4.205891724357","1274797"
"2019","8","python","18035","138092","13.060133823827","1200668"
"2019","9","c#","7839","137856","5.686368384401","1325360"
"2019","9","c++","3779","137856","2.741266248839","626211"
"2019","9","java","9679","137856","7.021094475394","1559196"
"2019","9","javascript","14882","137856","10.795322655524","1840763"
"2019","9","php","5570","137856","4.040448003714","1280367"
"2019","9","python","16873","137856","12.239583333333","1217541"
"2019","10","c#","8411","153814","5.46829287321","1333771"
"2019","10","c++","4840","153814","3.146657651449","631051"
"2019","10","java","11214","153814","7.290623740361","1570410"
"2019","10","javascript","15976","153814","10.386570793295","1856739"
"2019","10","php","6070","153814","3.946324781879","1286437"
"2019","10","python","20448","153814","13.293978441494","1237989"
"2019","11","c#","8019","149476","5.364740827959","1341790"
"2019","11","c++","4731","149476","3.165056597714","635782"
"2019","11","java","10328","149476","6.909470416655","1580738"
"2019","11","javascript","15748","149476","10.535470577216","1872487"
"2019","11","php","6087","149476","4.072225641574","1292524"
"2019","11","python","20605","149476","13.784821643608","1258594"
"2019","12","c#","7209","133682","5.392648224891","1348999"
"2019","12","c++","4204","133682","3.144776409688","639986"
"2019","12","java","9042","133682","6.763812629972","1589780"
"2019","12","javascript","14313","133682","10.706751843928","1886800"
"2019","12","php","5235","133682","3.916009634804","1297759"
"2019","12","python","18112","133682","13.548570488173","1276706"
"2020","1","c#","7811","147978","5.278487342713","1356810"
"2020","1","c++","4238","147978","2.86393923421","644224"
"2020","1","java","9966","147978","6.734784900458","1599746"
"2020","1","javascript","16027","147978","10.830664017624","1902827"
"2020","1","php","5906","147978","3.991133817189","1303665"
"2020","1","python","19986","147978","13.506061711876","1296692"
"2020","2","c#","7718","146478","5.269050642417","1364528"
"2020","2","c++","4095","146478","2.795641666325","648319"
"2020","2","java","10051","146478","6.861781291388","1609797"
"2020","2","javascript","15747","146478","10.750419858272","1918574"
"2020","2","php","5690","146478","3.884542388618","1309355"
"2020","2","python","20051","146478","13.688745067518","1316743"
"2020","3","c#","7787","157464","4.945257328659","1372315"
"2020","3","c++","4646","157464","2.950515673423","652965"
"2020","3","java","11064","157464","7.026367931717","1620861"
"2020","3","javascript","17585","157464","11.167631966671","1936159"
"2020","3","php","5683","157464","3.609078900574","1315038"
"2020","3","python","22717","157464","14.426789615404","1339460"
"2020","4","c#","8583","184703","4.646919649383","1380898"
"2020","4","c++","6230","184703","3.372982572021","659195"
"2020","4","java","12634","184703","6.84017043578","1633495"
"2020","4","javascript","20924","184703","11.328457036431","1957083"
"2020","4","php","6658","184703","3.604705933309","1321696"
"2020","4","python","27652","184703","14.971061650325","1367112"
"2020","5","c#","8605","188323","4.56927725238","1389503"
"2020","5","c++","6426","188323","3.412222617524","665621"
"2020","5","java","12036","188323","6.391147124886","1645531"
"2020","5","javascript","21496","188323","11.414431588281","1978579"
"2020","5","php","6544","188323","3.47488092267","1328240"
"2020","5","python","29491","188323","15.659797263212","1396603"
"2020","6","c#","7908","173566","4.556191880898","1397411"
"2020","6","c++","5634","173566","3.246027447772","671255"
"2020","6","java","10836","173566","6.243158222232","1656367"
"2020","6","javascript","19855","173566","11.439452427318","1998434"
"2020","6","php","5942","173566","3.423481557447","1334182"
"2020","6","python","27142","173566","15.637855340331","1423745"
"2020","7","c#","7825","167575","4.669550947337","1405236"
"2020","7","c++","5174","167575","3.087572728628","676429"
"2020","7","java","10460","167575","6.241981202446","1666827"
"2020","7","javascript","19921","167575","11.887811427718","2018355"
"2020","7","php","5961","167575","3.557213188124","1340143"
"2020","7","python","26299","167575","15.693868417126","1450044"
"2020","8","c#","7078","149851","4.723358536145","1412314"
"2020","8","c++","4790","149851","3.196508531808","681219"
"2020","8","java","9332","149851","6.227519335873","1676159"
"2020","8","javascript","18074","149851","12.06131423881","2036429"
"2020","8","php","5000","149851","3.336647736751","1345143"
"2020","8","python","23092","149851","15.409973907414","1473136"
"2020","9","c#","6469","143245","4.516038954239","1418783"
"2020","9","c++","3930","143245","2.743551258333","685149"
"2020","9","java","8960","143245","6.255017627142","1685119"
"2020","9","javascript","16797","143245","11.726063736954","2053226"
"2020","9","php","4790","143245","3.343921253795","1349933"
"2020","9","python","21789","143245","15.211002129219","1494925"
"2020","10","c#","6209","143346","4.331477683367","1424992"
"2020","10","c++","4337","143346","3.025546579604","689486"
"2020","10","java","8962","143346","6.252005636711","1694081"
"2020","10","javascript","16467","143346","11.487589468837","2069693"
"2020","10","php","4596","143346","3.206228286802","1354529"
"2020","10","python","22840","143346","15.933475646338","1517765"
"2020","11","c#","5994","136565","4.389118734668","1430986"
"2020","11","c++","4343","136565","3.180170614725","693829"
"2020","11","java","8510","136565","6.231464870208","1702591"
"2020","11","javascript","15560","136565","11.393841760333","2085253"
"2020","11","php","4639","136565","3.396917218906","1359168"
"2020","11","python","22245","136565","16.288946655438","1540010"
"2020","12","c#","5750","135552","4.24191454202","1436736"
"2020","12","c++","4460","135552","3.290250236071","698289"
"2020","12","java","7850","135552","5.791135505193","1710441"
"2020","12","javascript","16067","135552","11.853015816808","2101320"
"2020","12","php","4816","135552","3.552880075542","1363984"
"2020","12","python","22269","135552","16.428381728045","1562279"
"2021","1","c#","6215","141587","4.389527287109","1442951"
"2021","1","c++","4114","141587","2.905633991821","702403"
"2021","1","java","8067","141587","5.697556979101","1718508"
"2021","1","javascript","16927","141587","11.955193626533","2118247"
"2021","1","php","4769","141587","3.368247084831","1368753"
"2021","1","python","22942","141587","16.20346500738","1585221"
"2021","2","c#","5819","133298","4.36540683281","1448770"
"2021","2","c++","4111","133298","3.084067277828","706514"
"2021","2","java","7621","133298","5.717265075244","1726129"
"2021","2","javascript","15320","133298","11.493045657099","2133567"
"2021","2","php","4390","133298","3.293372743777","1373143"
"2021","2","python","21465","133298","16.103017299584","1606686"
"2021","3","c#","6416","151053","4.247515772609","1455186"
"2021","3","c++","4323","151053","2.861909396039","710837"
"2021","3","java","8707","151053","5.764201968845","1734836"
"2021","3","javascript","16834","151053","11.14443274877","2150401"
"2021","3","php","4785","151053","3.167762308593","1377928"
"2021","3","python","24009","151053","15.894421163432","1630695"
"2021","4","c#","5935","138269","4.292357650666","1461121"
"2021","4","c++","3967","138269","2.869045122189","714804"
"2021","4","java","7973","138269","5.7662961329","1742809"
"2021","4","javascript","15931","138269","11.521743847138","2166332"
"2021","4","php","4349","138269","3.145318184119","1382277"
"2021","4","python","22825","138269","16.507677064273","1653520"
"2021","5","c#","6167","152178","4.052491161665","1467288"
"2021","5","c++","4406","152178","2.895293669255","719210"
"2021","5","java","8898","152178","5.847100106454","1751707"
"2021","5","javascript","17302","152178","11.369580359841","2183634"
"2021","5","php","4727","152178","3.106230861228","1387004"
"2021","5","python","24475","152178","16.083139481396","1677995"
"2021","6","c#","6396","159088","4.020416373327","1473684"
"2021","6","c++","4155","159088","2.611762043648","723365"
"2021","6","java","9154","159088","5.754048074021","1760861"
"2021","6","javascript","17549","159088","11.031001709745","2201183"
"2021","6","php","4825","159088","3.03291260183","1391829"
"2021","6","python","24444","159088","15.36508096148","1702439"
"2021","7","c#","5922","152374","3.886489821098","1479606"
"2021","7","c++","3767","152374","2.472206544423","727132"
"2021","7","java","8281","152374","5.434654206098","1769142"
"2021","7","javascript","17259","152374","11.326735532308","2218442"
"2021","7","php","4578","152374","3.004449578011","1396407"
"2021","7","python","24012","152374","15.75859398585","1726451"
"2021","8","c#","5736","148399","3.865255156705","1485342"
"2021","8","c++","3465","148399","2.334921394349","730597"
"2021","8","java","7914","148399","5.332920033153","1777056"
"2021","8","javascript","16948","148399","11.420562133168","2235390"
"2021","8","php","4557","148399","3.070775409537","1400964"
"2021","8","python","23017","148399","15.510212332967","1749468"
"2021","9","c#","5737","144716","3.964316316094","1491079"
"2021","9","c++","3902","144716","2.696315542165","734499"
"2021","9","java","7758","144716","5.360844688907","1784814"
"2021","9","javascript","16600","144716","11.470742696039","2251990"
"2021","9","php","4289","144716","2.963735868874","1405253"
"2021","9","python","21862","144716","15.106829928964","1771330"
"2021","10","c#","5992","144784","4.138578848491","1497071"
"2021","10","c++","4056","144784","2.801414520941","738555"
"2021","10","java","7728","144784","5.337606365344","1792542"
"2021","10","javascript","16056","144784","11.08962316278","2268046"
"2021","10","php","4220","144784","2.914686705713","1409473"
"2021","10","python","22783","144784","15.735854790584","1794113"
"2021","11","c#","6370","145883","4.366512890467","1503441"
"2021","11","c++","4164","145883","2.85434217832","742719"
"2021","11","java","8263","145883","5.664128102657","1800805"
"2021","11","javascript","15808","145883","10.836080968995","2283854"
"2021","11","php","4112","145883","2.818697175133","1413585"
"2021","11","python","23335","145883","15.995695180384","1817448"
"2021","12","c#","5711","136693","4.177975463264","1509152"
"2021","12","c++","3866","136693","2.828235535104","746585"
"2021","12","java","7527","136693","5.506499967079","1808332"
"2021","12","javascript","15261","136693","11.164434170001","2299115"
"2021","12","php","3725","136693","2.725084678805","1417310"
"2021","12","python","22040","136693","16.123722502249","1839488"
"2022","1","c#","5917","144268","4.101394626667","1515069"
"2022","1","c++","3892","144268","2.697756952338","750477"
"2022","1","java","7707","144268","5.342141015332","1816039"
"2022","1","javascript","16274","144268","11.28039482075","2315389"
"2022","1","php","4016","144268","2.783708098816","1421326"
"2022","1","python","22645","144268","15.696481548229","1862133"
"2022","2","c#","5847","141535","4.131133641855","1520916"
"2022","2","c++","3493","141535","2.46794079203","753970"
"2022","2","java","7299","141535","5.157028296887","1823338"
"2022","2","javascript","15496","141535","10.948528632493","2330885"
"2022","2","php","3733","141535","2.637510156498","1425059"
"2022","2","python","22707","141535","16.043381495743","1884840"
"2022","3","c#","6521","154805","4.212396240431","1527437"
"2022","3","c++","3857","154805","2.491521591679","757827"
"2022","3","java","8173","154805","5.279545234327","1831511"
"2022","3","javascript","16420","154805","10.60689254223","2347305"
"2022","3","php","3790","154805","2.448241335874","1428849"
"2022","3","python","24715","154805","15.965246600561","1909555"
"2022","4","c#","6277","151192","4.151674691782","1533714"
"2022","4","c++","4167","151192","2.756098206254","761994"
"2022","4","java","8346","151192","5.520133340388","1839857"
"2022","4","javascript","17017","151192","11.255225144187","2364322"
"2022","4","php","4259","151192","2.816947986665","1433108"
"2022","4","python","25047","151192","16.566352717074","1934602"
"2022","5","c#","3193","77698","4.109500888053","1536907"
"2022","5","c++","2263","77698","2.912558881824","764257"
"2022","5","java","4332","77698","5.57543308708","1844189"
"2022","5","javascript","8717","77698","11.219078998172","2373039"
"2022","5","php","2414","77698","3.106901078534","1435522"
"2022","5","python","12571","77698","16.179309634739","1947173"